X1,X2,X3,X4,Y1,Y2,Y3
0.5103138222849084,0.4636769480519481,0.3931818181818182,0.4146465204387655,1.0,0.0,0.0
0.5047945205479452,0.3128369272237197,0.33958923512747874,0.4743792340565869,0.0,0.0,1.0
0.6147186147186148,0.39351320321469574,0.3340371621621621,0.5060417374099122,0.0,1.0,0.0
0.4657729179149191,0.345008389261745,0.5296336206896551,0.29804112839870783,1.0,0.0,0.0
0.4012613730355666,0.47921686746987946,0.3910215736040609,0.322994655869846,0.0,0.0,1.0
0.5229289940828401,0.3692105263157895,0.4811764705882353,0.6190427590344452,0.0,1.0,0.0
0.4678387650085763,0.46011450381679386,0.3181818181818182,0.31725576359090224,1.0,0.0,0.0
0.503198149156233,0.23348813209494323,0.3512187871581451,0.6113490709179923,0.0,0.0,1.0
0.38994708994708993,0.37536127167630057,0.4318467336683417,0.4642491360914563,0.0,1.0,0.0
0.5118565644881434,0.5117713004484304,0.5263157894736842,0.3304536674189009,1.0,0.0,0.0
0.5174302788844621,0.42787769784172663,0.4144321766561514,0.4631183134862337,0.0,0.0,1.0
0.5713157894736842,0.33610774818401934,0.3825214899713467,0.3827873314195208,0.0,1.0,0.0
0.5433260393873085,0.3545472597299444,0.44877958579881655,0.37168265605778006,1.0,0.0,0.0
0.43093325092707047,0.655373831775701,0.3777372262773723,0.44865591277881417,0.0,0.0,1.0
0.5423031026252982,0.4136836027713626,0.3309461805555556,0.29515704877612065,0.0,1.0,0.0
0.5587349397590361,0.3590303308823529,0.580288985823337,0.4801963258495436,1.0,0.0,0.0
0.46846299297676935,0.5481004901960784,0.545343137254902,0.501664271089501,0.0,0.0,1.0
0.41132135984605517,0.2842113982770046,0.2625077688004972,0.2512673089773567,0.0,1.0,0.0
0.4910308236483072,0.41272824919441464,0.43807763401109057,0.3601988080401117,1.0,0.0,0.0
0.49118798955613574,0.4819915254237288,0.22974137931034483,0.35812306967922924,0.0,0.0,1.0
0.527741145440844,0.36832810047095765,0.4464285714285714,0.32847751990546864,0.0,1.0,0.0
0.4126519585772175,0.5746217331499313,0.34579856972586415,0.4194760132242007,1.0,0.0,0.0
0.6093208092485549,0.35133044554455445,0.30894886363636365,0.5470736631892872,0.0,0.0,1.0
0.5858700123406005,0.37568870523415976,0.39212478184991273,0.3963843758210311,0.0,1.0,0.0
0.4945101351351351,0.573356807511737,0.472707423580786,0.34711342356540276,1.0,0.0,0.0
0.4556621880998081,0.33630609896432684,0.36129647283126787,0.3531556946942077,0.0,0.0,1.0
0.5152080062794349,0.5672043010752688,0.4638617318435755,0.32980454635612266,0.0,1.0,0.0
0.48995673671199014,0.3612759643916914,0.3816929133858268,0.36254028068104166,1.0,0.0,0.0
0.5760412494993993,0.48982988165680474,0.4266252390057361,0.379106317284648,0.0,0.0,1.0
0.4840068595287802,0.4861577181208054,0.31346949327817997,0.31339474277087753,0.0,1.0,0.0
0.5359799482535577,0.41997098646034814,0.39951573849878935,0.3094643243828497,1.0,0.0,0.0
0.46405823475887165,0.37876712328767126,0.3212180746561886,0.3797793734897509,0.0,0.0,1.0
0.5556868304977945,0.33075657894736843,0.3680045871559633,0.3326927385464983,0.0,1.0,0.0
0.49573742540494453,0.30106100795755963,0.34720394736842103,0.31646916187204166,1.0,0.0,0.0
0.6428450033990483,0.44110800744878953,0.4014084507042254,0.4370712676602665,0.0,0.0,1.0
0.6280327868852459,0.45272140221402213,0.4280478395061728,0.2509242615977103,0.0,1.0,0.0
0.37704410307234887,0.5175992779783394,0.39501633986928103,0.419293859945166,1.0,0.0,0.0
0.46194779116465867,0.4255865102639296,0.53,0.3713361532920515,0.0,0.0,1.0
0.46906523201075995,0.28042763157894735,0.2779783393501805,0.3090017805413069,0.0,1.0,0.0
0.6601086380498145,0.2781713900134953,0.4809322033898305,0.30272283492159285,1.0,0.0,0.0
0.5139175257731958,0.6520715630885123,0.39941176470588236,0.3562912317088104,0.0,0.0,1.0
0.5900643687707641,0.37830132052821125,0.3727631578947368,0.30983598544492363,0.0,1.0,0.0
0.5602081268582756,0.36116412213740456,0.3991477272727273,0.37689369036407894,1.0,0.0,0.0
0.5053998161764706,0.46090909090909093,0.3820960698689957,0.22872005620700273,0.0,0.0,1.0
0.5847027972027972,0.4388095238095238,0.4165955631399318,0.36964476532762314,0.0,1.0,0.0
0.6960082385249118,0.24930445151033387,0.2782382420971473,0.5366638616204711,1.0,0.0,0.0
0.732222428518381,0.3676823416506718,0.291177797833935,0.4055999921656306,0.0,0.0,1.0
0.43173901393354774,0.3450043630017452,0.3684017595307918,0.3155340909473656,0.0,1.0,0.0
0.5831717451523546,0.48247126436781607,0.42002012072434614,0.3888149654772056,1.0,0.0,0.0
0.4860747051114024,0.48227109515260325,0.3860169491525424,0.2851145619067824,0.0,0.0,1.0
0.5031966490299824,0.324625,0.3896366083445491,0.34922900135330903,0.0,1.0,0.0
0.43989444878811573,0.35332585949177875,0.5879310344827586,0.3217054021890944,1.0,0.0,0.0
0.5684029185245236,0.3681167400881057,0.47016837481698387,0.5350097374788723,0.0,0.0,1.0
0.4822324414715719,0.4135572139303482,0.5853321033210332,0.3270623129743466,0.0,1.0,0.0
0.6101348098218584,0.6218820861678005,0.34896661367249604,0.2854084358955686,1.0,0.0,0.0
0.5101570289132602,0.3596398305084746,0.3463020030816641,0.39828351206131946,0.0,0.0,1.0
0.49487259167184594,0.4837751371115174,0.40616710875331563,0.3920151092274826,0.0,1.0,0.0
0.28941541186891057,0.35764446227929375,0.33579766536964983,0.4103358135340041,1.0,0.0,0.0
0.5143238761974944,0.42441502463054187,0.5082684824902723,0.48211707815694294,0.0,0.0,1.0
0.43307991513437055,0.3428861788617886,0.3819714656290532,0.3474781706298696,0.0,1.0,0.0
0.4053731343283582,0.2720125786163522,0.30336538461538465,0.29123173984268175,1.0,0.0,0.0
0.5735750564334086,0.4001014198782961,0.49453125000000003,0.3747238299726164,0.0,0.0,1.0
0.5761596471257826,0.35210817717206133,0.3590047393364929,0.3106418541310349,0.0,1.0,0.0
0.4711102719033232,0.36374045801526717,0.2852983988355168,0.29164639840496287,1.0,0.0,0.0
0.6127564847077042,0.5396764252696455,0.45552884615384615,0.3207819449263476,0.0,0.0,1.0
0.6776678932842686,0.36460526315789477,0.28077988915281077,0.41244364416233625,0.0,1.0,0.0
0.5348818387827776,0.4817222767419038,0.5872689938398357,0.4161745136590511,1.0,0.0,0.0
0.45919296116504854,0.3937621832358675,0.44886363636363635,0.49560864191898873,0.0,0.0,1.0
0.41568535091851155,0.4317885117493473,0.3922176308539945,0.381902577598707,0.0,1.0,0.0
0.5387613378684807,0.364648033126294,0.5746951219512195,0.3683128163342586,1.0,0.0,0.0
0.43657559572719806,0.3837244283995187,0.4108761329305136,0.31766093446347643,0.0,0.0,1.0
0.5723020675743823,0.41556103108415465,0.3907035175879397,0.3376869947064004,0.0,1.0,0.0
0.4876529225192569,0.4538878842676311,0.4359605911330049,0.43381518331369795,1.0,0.0,0.0
0.553246359223301,0.3921595982142857,0.26039823008849555,0.3120379204304087,0.0,0.0,1.0
0.628003314001657,0.5501117734724292,0.5365338164251208,0.3197524948937868,0.0,1.0,0.0
0.5465735196274119,0.41862788632326825,0.595,0.4569188016013844,1.0,0.0,0.0
0.4865402621722846,0.49345549738219896,0.3863049095607235,0.3531161868269003,0.0,0.0,1.0
0.5768515237420269,0.38375443262411346,0.3167420814479638,0.3412549352095566,0.0,1.0,0.0
0.5685610010427529,0.43795768917819367,0.31088969404186795,0.5613461749533531,1.0,0.0,0.0
0.561412833397758,0.3493031358885017,0.319873595505618,0.4053895319945975,0.0,0.0,1.0
0.40869140625,0.3813657407407407,0.35561497326203206,0.2319133889551053,0.0,1.0,0.0
0.4385506003430532,0.5944029850746269,0.47649572649572647,0.7070592522085726,1.0,0.0,0.0
0.6385885447106955,0.34525277435265106,0.3886986301369863,0.5774424083769634,0.0,0.0,1.0
0.43521448663853723,0.5756302521008403,0.4238241308793456,0.29671345540219557,0.0,1.0,0.0
0.5711736150770989,0.5733009708737864,0.30926501035196685,0.664873653254427,1.0,0.0,0.0
0.549215772500733,0.4965978928884987,0.3403205918618989,0.4549280147218012,0.0,0.0,1.0
0.5152755591054313,0.47464057507987223,0.4205192034139402,0.23532199706152296,0.0,1.0,0.0
0.601833596214511,0.3594517184942717,0.25815217391304346,0.3999691492450639,1.0,0.0,0.0
0.5502199413489737,0.4464285714285714,0.3769744835965978,0.39032215172595575,0.0,0.0,1.0
0.4666217127444369,0.35300495662949194,0.3887889688249401,0.35734794190417646,0.0,1.0,0.0
0.5648504757589488,0.3966323666978484,0.25976190476190475,0.4293802916274694,1.0,0.0,0.0
0.49434862692565307,0.454774472168906,0.3915605095541401,0.7041239246065476,0.0,0.0,1.0
0.3384787472035794,0.4147341628959276,0.335431654676259,0.3068969910697593,0.0,1.0,0.0
0.7363857501569366,0.2516255989048597,0.29865967365967366,0.405923204506917,1.0,0.0,0.0
0.5497491638795986,0.518213190184049,0.2894417475728155,0.625234463291616,0.0,0.0,1.0
0.7437153419593345,0.40766918967052534,0.3702647193062529,0.5771725681572307,0.0,1.0,0.0
0.4905419222903885,0.2880648330058939,0.4122424722662441,0.4314973465697928,1.0,0.0,0.0
0.43587613293051364,0.5019315673289184,0.5449275362318841,0.5317378390929144,0.0,0.0,1.0
0.3843221618357488,0.375,0.41674528301886793,0.3748567330971889,0.0,1.0,0.0
0.6056751467710372,0.5684695051783659,0.43245967741935487,0.5914127288182733,1.0,0.0,0.0
0.5992760320394331,0.4129834254143646,0.5531609195402298,0.6895378604149824,0.0,0.0,1.0
0.5878684807256236,0.5132575757575758,0.5804195804195804,0.3252948062333769,0.0,1.0,0.0
0.42092391304347826,0.44516971279373374,0.3699644549763033,0.6806194045550525,1.0,0.0,0.0
0.42052826691380907,0.44306144067796616,0.46905537459283386,0.608623311170605,0.0,0.0,1.0
0.26627748949839386,0.4172163588390501,0.3016516810007819,0.26776822605231765,0.0,1.0,0.0
0.4802347544522396,0.4234422492401216,0.47878590078328986,0.5487896187113934,1.0,0.0,0.0
0.4322845417236662,0.5442176870748299,0.36483739837398377,0.6665031397174255,0.0,0.0,1.0
0.41058235549760974,0.5401554404145078,0.39198717948717954,0.4587690322359611,0.0,1.0,0.0
0.44266316750342305,0.37580128205128205,0.3113132911392405,0.4586767166503024,1.0,0.0,0.0
0.5481174698795181,0.4678260869565217,0.5545634920634921,0.5480320343714238,0.0,0.0,1.0
0.5052179534540081,0.38720562894887994,0.438764829030007,0.33561038065691634,0.0,1.0,0.0
0.5438322368421052,0.5112834978843441,0.36244619799139166,0.5249231895759926,1.0,0.0,0.0
0.7437938084112149,0.32717391304347826,0.2647058823529412,0.3756921950045967,0.0,0.0,1.0
0.39584432717678103,0.35853379152348225,0.47225,0.32675587142834595,0.0,1.0,0.0
0.5733630952380953,0.38262195121951226,0.5496688741721854,0.5782579946674518,1.0,0.0,0.0
0.6033311772315654,0.3460591133004926,0.26595127610208813,0.3369873237148152,0.0,0.0,1.0
0.5457610789980732,0.38674903100775193,0.5154135338345864,0.3731492894544683,0.0,1.0,0.0
0.4282128514056225,0.5057603686635945,0.34261241970021417,0.5422931640464144,1.0,0.0,0.0
0.5046140939597316,0.3959270927092709,0.3955018359853121,0.6714330815704758,0.0,0.0,1.0
0.6311141304347826,0.3447668771248179,0.30667701863354035,0.3063857437093382,0.0,1.0,0.0
0.5325928623452294,0.4811253561253561,0.3577519379844961,0.3573012461560205,1.0,0.0,0.0
0.6201480263157895,0.5246212121212122,0.6269230769230769,0.4924692304008429,0.0,0.0,1.0
0.4529925398440149,0.38390928725701945,0.3994515539305302,0.35001554536864865,0.0,1.0,0.0
0.4764260768335274,0.49981371087928467,0.4677958015267175,0.6094257911080185,1.0,0.0,0.0
0.5348820687695368,0.44049173194081814,0.4482978723404255,0.4832686769040281,0.0,0.0,1.0
0.5380012274959083,0.5268010291595198,0.38414634146341464,0.2483771287965958,0.0,1.0,0.0
0.4003050969131371,0.3997764530551416,0.47057438794726925,0.48344998147401275,1.0,0.0,0.0
0.6145444858817262,0.4898886283704572,0.4412470023980815,0.63989083053979,0.0,0.0,1.0
0.4830402010050251,0.41395014381591566,0.421875,0.4087394602163944,0.0,1.0,0.0
0.526507587859425,0.48748761149653125,0.4716346153846154,0.569497330348117,1.0,0.0,0.0
0.5084645669291339,0.4063786008230453,0.4652777777777778,0.40290054519292967,0.0,0.0,1.0
0.5779320987654322,0.3365158636897767,0.5369379014989293,0.34620167944135055,0.0,1.0,0.0
0.5217148087876322,0.4437625250501002,0.44028417818740395,0.4064383844568342,1.0,0.0,0.0
0.6206800445930881,0.4383916990920882,0.4312039312039312,0.4818013998327633,0.0,0.0,1.0
0.4806047648136836,0.6419701986754967,0.40813008130081296,0.3337715881694613,0.0,1.0,0.0
0.4527894491129785,0.42018072289156627,0.4798109965635739,0.36237990700886746,1.0,0.0,0.0
0.6081759742868622,0.32796780684104626,0.24268567141785446,0.49968975196497983,0.0,0.0,1.0
0.5455842391304349,0.2341209349593496,0.26239106753812635,0.3638810705397814,0.0,1.0,0.0
0.36957562220804085,0.43221258134490237,0.2422253634894992,0.37687487381295626,1.0,0.0,0.0
0.543445475638051,0.6348944591029023,0.44843462246777166,0.3926768942319598,0.0,0.0,1.0
0.3733565737051793,0.3732154996600952,0.4668344007319304,0.3277950186087867,0.0,1.0,0.0
0.534156279961649,0.4138636363636363,0.4444244604316547,0.3408193509494625,1.0,0.0,0.0
0.5746345726088338,0.5650123051681706,0.510662177328844,0.3656581253256288,0.0,0.0,1.0
0.6520103601381351,0.2918562329390355,0.2544197642792384,0.3122733378878824,0.0,1.0,0.0
0.5615026595744681,0.5966035634743876,0.4814268867924528,0.3711301459269195,1.0,0.0,0.0
0.6483965968586387,0.3625753012048193,0.369131455399061,0.35470597390960296,0.0,0.0,1.0
0.5556910569105691,0.4658273381294964,0.461747491638796,0.34802461343211294,0.0,1.0,0.0
0.76123121741797,0.3830439223697651,0.3651123046875,0.5634199794881813,1.0,0.0,0.0
0.5594207723035952,0.40644171779141103,0.48958333333333337,0.3162892788274087,0.0,0.0,1.0
0.7046594982078853,0.3228508217446271,0.3236655773420479,0.3172341418777427,0.0,1.0,0.0
0.4694505494505494,0.42114325068870523,0.4062172088142707,0.4460967898657904,1.0,0.0,0.0
0.527413256227758,0.504948914431673,0.4180497925311203,0.3576706991212254,0.0,0.0,1.0
0.6163560237709346,0.4269759450171821,0.37281508739650415,0.2984739045783888,0.0,1.0,0.0
0.644560878243513,0.3342531272994849,0.3959212376933896,0.5053174741411651,1.0,0.0,0.0
0.5066534541336354,0.32421875,0.4742353723404255,0.39859126775806225,0.0,0.0,1.0
0.42139317180616737,0.4029503105590062,0.39904284412032814,0.30129790093606906,0.0,1.0,0.0
0.4803726825576996,0.383801247771836,0.4861393692777212,0.422017015943651,1.0,0.0,0.0
0.4056107954545455,0.504894578313253,0.5584898278560251,0.41868432512924253,0.0,0.0,1.0
0.64672096908939,0.6294456066945606,0.38440533980582525,0.3241375912703677,0.0,1.0,0.0
0.49051357540071966,0.3940114068441064,0.38188976377952755,0.329104767842299,1.0,0.0,0.0
0.5007127583749109,0.5279933481152994,0.4811669128508124,0.3656413781584318,0.0,0.0,1.0
0.6140434049726085,0.560856864654333,0.5224550898203593,0.31456922688909716,0.0,1.0,0.0
0.5733501783590964,0.29388519134775376,0.2935960591133005,0.3040829785264717,1.0,0.0,0.0
0.511093502377179,0.4201456310679612,0.4343681917211329,0.4140181289472489,0.0,0.0,1.0
0.4822638501394978,0.38979941291585124,0.2878703703703704,0.35185474004723655,0.0,1.0,0.0
0.5377787558685446,0.39837905236907734,0.3328998699609883,0.43707227289278067,1.0,0.0,0.0
0.6046736725663717,0.5866895874263262,0.477692926045016,0.40118643502802886,0.0,0.0,1.0
0.39507348938486664,0.27439857845817384,0.2719465648854962,0.33292495567498076,0.0,1.0,0.0
0.4669397308367466,0.6150249376558603,0.413758389261745,0.4068129946339809,1.0,0.0,0.0
0.413272157564906,0.42374350086655116,0.41143497757847536,0.3870872502450163,0.0,0.0,1.0
0.5458167330677292,0.32359601449275366,0.33532461677186653,0.35070868904729824,0.0,1.0,0.0
0.5159395973154361,0.3575581395348838,0.38095238095238093,0.3752005137512013,1.0,0.0,0.0
0.4634387351778656,0.3660714285714286,0.48517699115044244,0.3804689455142808,0.0,0.0,1.0
0.4946613459879206,0.4469735503560529,0.42739762931034486,0.3368067569990343,0.0,1.0,0.0
0.6330922865013775,0.24432650073206444,0.2735,0.28157925789703103,1.0,0.0,0.0
0.45600810081008103,0.418426103646833,0.34244791666666663,0.27552905805773664,0.0,0.0,1.0
0.5802637086647133,0.6673306772908367,0.3214673913043478,0.2951919412106907,0.0,1.0,0.0
0.3162219101123595,0.24267782426778245,0.2974773242630385,0.45700945153896344,1.0,0.0,0.0
0.612482853223594,0.5239923224568138,0.473069105691057,0.2807650613789577,0.0,0.0,1.0
0.41854912067919947,0.3374731951393853,0.35341133816743575,0.2992575062528741,0.0,1.0,0.0
0.6042514239218877,0.4049922600619196,0.3625549048316252,0.27903333909513733,1.0,0.0,0.0
0.4933556108175319,0.4135106382978724,0.381423982869379,0.4044187013416455,0.0,0.0,1.0
0.7024934094903339,0.3086283185840708,0.33157790143084265,0.2958084836380384,0.0,1.0,0.0
0.48641136504014826,0.2643210749646393,0.5056532663316582,0.41654312995423715,1.0,0.0,0.0
0.6021739130434783,0.22560975609756098,0.31773450586264657,0.27471407625310773,0.0,0.0,1.0
0.4708882611424985,0.5342391304347825,0.3391744548286604,0.33108886262649107,0.0,1.0,0.0
0.5361168032786885,0.3173743500866551,0.5962389380530972,0.4157289490824967,1.0,0.0,0.0
0.6172326589595376,0.30423206278026904,0.40614334470989755,0.27888249087888767,0.0,0.0,1.0
0.6319018404907975,0.3298438608942513,0.28688837920489296,0.23941450314610596,0.0,1.0,0.0
0.42315573770491804,0.279324644549763,0.2269825268817204,0.35044606822210467,1.0,0.0,0.0
0.4935752078609221,0.3908762057877813,0.30338345864661653,0.40921340146314766,0.0,0.0,1.0
0.5133192794174013,0.3698266219239374,0.397422126745435,0.3209007736487422,0.0,1.0,0.0
0.5023243801652892,0.583955223880597,0.39989406779661013,0.4447228859490646,1.0,0.0,0.0
0.49404489234997706,0.2875,0.3434027777777778,0.5599229294334374,0.0,0.0,1.0
0.36290470934510677,0.4031289506953224,0.38339920948616596,0.29249959236255335,0.0,1.0,0.0
0.4583333333333333,0.37631777108433734,0.4489910313901345,0.44484247841467683,1.0,0.0,0.0
0.5962786259541984,0.30184977578475336,0.3521666666666667,0.3521103205073842,0.0,0.0,1.0
0.4364561027837259,0.5,0.34436758893280633,0.3375733359605693,0.0,1.0,0.0
0.4201082598235766,0.6501240694789081,0.47129783693843597,0.32238084613516904,1.0,0.0,0.0
0.4983320251177394,0.4651580459770115,0.6263297872340425,0.37382443903661733,0.0,0.0,1.0
0.5336062452399086,0.39434330299089726,0.4519642857142857,0.3517764751539943,0.0,1.0,0.0
0.5575720500271887,0.38109375,0.33674568965517243,0.2803425415283774,1.0,0.0,0.0
0.6024197722567288,0.2557531380753138,0.23715415019762848,0.2984705070831798,0.0,0.0,1.0
0.41624070631970256,0.4836538461538462,0.33879449838187703,0.3180318633729307,0.0,1.0,0.0
0.6356863335340157,0.4375923190546529,0.3983503717472119,0.36572035915850976,1.0,0.0,0.0
0.5456210746685276,0.309009009009009,0.3727235099337748,0.23756213488332106,0.0,0.0,1.0
0.39842549923195086,0.4069429778247096,0.391875,0.373237409573706,0.0,1.0,0.0
0.5401110586011342,0.307420993227991,0.42208672086720866,0.323112303021243,1.0,0.0,0.0
0.44045454545454543,0.26935886761032474,0.2705163043478261,0.2964179302712738,0.0,0.0,1.0
0.3636613523914239,0.5316593886462881,0.4062143671607753,0.3103097642718044,0.0,1.0,0.0
0.5218039003250271,0.2695063694267516,0.43006329113924047,0.3252094212524297,1.0,0.0,0.0
0.5659937888198758,0.2998137802607076,0.2591540404040404,0.2684682686766185,0.0,0.0,1.0
0.4630429094714809,0.5212536023054755,0.497802734375,0.2684322183862095,0.0,1.0,0.0
0.6585871025526198,0.42708333333333337,0.3012329931972789,0.30033136535537835,1.0,0.0,0.0
0.6403333333333333,0.4729965156794425,0.6159695817490494,0.338024278293631,0.0,0.0,1.0
0.6091876498800959,0.4766284680337756,0.3893478260869565,0.252681842150537,0.0,1.0,0.0
0.5315508021390374,0.38535115303983225,0.3159534127843987,0.30501274159541747,1.0,0.0,0.0
0.48165478312537136,0.569560669456067,0.6222170686456401,0.48421820396301507,0.0,0.0,1.0
0.6043411501954216,0.43369391025641024,0.3859953703703704,0.37867438709551343,0.0,1.0,0.0
0.37817863954227593,0.40835084033613445,0.5452786377708979,0.38415445287497163,1.0,0.0,0.0
0.638256288239293,0.4797244094488189,0.35257410296411856,0.3149576193570889,0.0,0.0,1.0
0.4202728776185226,0.3598673300165838,0.46174863387978143,0.34431838699120937,0.0,1.0,0.0
0.6111660079051383,0.5099658314350798,0.41718362282878413,0.33718665661374675,1.0,0.0,0.0
0.6096502590673576,0.5048676012461059,0.5239043824701195,0.42817356809042495,0.0,0.0,1.0
0.6179811128126595,0.3252801120448179,0.41511689691817216,0.3765920097261915,0.0,1.0,0.0
0.4982454017424976,0.33265424912689173,0.40428790199081166,0.41487257815473144,1.0,0.0,0.0
0.5005705157462346,0.36721728081321475,0.42065217391304344,0.3463571306683102,0.0,0.0,1.0
0.591007000538503,0.3895238095238095,0.3199244060475162,0.405263578036407,0.0,1.0,0.0
0.492375,0.5106088560885609,0.4681742043551088,0.4296476302964523,1.0,0.0,0.0
0.36184505150022395,0.40625,0.4887059724349157,0.41918205795536023,0.0,0.0,1.0
0.5846967278531524,0.5353174603174604,0.43759936406995237,0.3013158060406862,0.0,1.0,0.0
0.5187170805116629,0.315846286701209,0.3728172293364377,0.3607745144435662,1.0,0.0,0.0
0.4401138168343039,0.5893548387096774,0.3928359096313912,0.40528524116927156,0.0,0.0,1.0
0.5186001809136138,0.4396613832853026,0.4611774744027304,0.2966382971201251,0.0,1.0,0.0
0.4726672950047125,0.5181878306878307,0.237540192926045,0.32698505483604856,1.0,0.0,0.0
0.6278187337380746,0.2516025641025641,0.29645790554414786,0.34659248552584165,0.0,0.0,1.0
0.6019354838709678,0.516577743902439,0.4805347091932458,0.360676947844636,0.0,1.0,0.0
0.48461891643709826,0.4566627358490566,0.556875,0.34421372503644343,1.0,0.0,0.0
0.3274911382434029,0.3986720554272517,0.5687111801242235,0.5270502175015127,0.0,0.0,1.0
0.49506262042389204,0.28401548672566373,0.33272442588726514,0.25133926713497484,0.0,1.0,0.0
0.5214074803149606,0.34156050955414013,0.42207792207792205,0.402723771018572,1.0,0.0,0.0
0.4576893353941267,0.4426977687626775,0.503957783641161,0.34208659447578765,0.0,0.0,1.0
0.45140247879973905,0.34358638743455494,0.3191105769230769,0.3298309167810995,0.0,1.0,0.0
0.5302427580579355,0.3047583081570997,0.3065200617283951,0.3251813431466296,1.0,0.0,0.0
0.3867516370439663,0.4317844418052256,0.49768002969561986,0.4212656515934935,0.0,0.0,1.0
0.46771678103555836,0.433956574185766,0.28214285714285714,0.36080316977768434,0.0,1.0,0.0
0.5310245310245311,0.4448480845442537,0.42185039370078736,0.5080733834072257,1.0,0.0,0.0
0.6988469601677149,0.3198304613674263,0.2940107458912769,0.5281448860044671,0.0,0.0,1.0
0.6024079320113314,0.751953125,0.37056010928961747,0.3228438531498267,0.0,1.0,0.0
0.5329652996845426,0.24129032258064514,0.25292699724517903,0.42594427570891186,1.0,0.0,0.0
0.6691224690548405,0.508169934640523,0.336349104859335,0.5744840804912884,0.0,0.0,1.0
0.5703787076271186,0.4874465811965812,0.5660994764397906,0.39398360032910046,0.0,1.0,0.0
0.5971810089020771,0.4534313725490196,0.28696343402225755,0.25733691927330593,1.0,0.0,0.0
0.5258308096907873,0.48210610564829637,0.5084486787704476,0.627541547196373,0.0,0.0,1.0
0.3854298356510746,0.4454347826086957,0.34567238912732473,0.27961053628679683,0.0,1.0,0.0
0.4904386951631046,0.3378440366972477,0.47457627118644063,0.2812487694081908,1.0,0.0,0.0
0.48231722201879657,0.47569763876111626,0.5086639879457558,0.7096526100080864,0.0,0.0,1.0
0.6341275486012328,0.27578284547311094,0.2578125,0.4479302892344471,0.0,1.0,0.0
0.49108695652173917,0.5586059190031153,0.4254473161033797,0.385004326120843,1.0,0.0,0.0
0.5172072593879719,0.5087018837018837,0.4366146285053484,0.5320987687195109,0.0,0.0,1.0
0.5599501359927471,0.44960668633235007,0.4041318477251625,0.5250332020516578,0.0,1.0,0.0
0.6451287039808441,0.4291062801932367,0.4715646651270208,0.446299882706482,1.0,0.0,0.0
0.5965383344348976,0.3189480782198247,0.40565068493150686,0.7110803324942669,0.0,0.0,1.0
0.435902327355971,0.6335324232081911,0.42638623326959846,0.3181091628605393,0.0,1.0,0.0
0.5261756430868167,0.41224832214765106,0.3718809980806142,0.2879612565370661,1.0,0.0,0.0
0.6963294651866802,0.43981777493606133,0.3487654320987654,0.4719213957115145,0.0,0.0,1.0
0.6117011451791652,0.39655172413793105,0.5591549295774648,0.366855040572285,0.0,1.0,0.0
0.541796875,0.43581586826347307,0.5077220077220077,0.4632510569350874,1.0,0.0,0.0
0.6603196527229678,0.4008887171561051,0.40928522571819426,0.39727387396246927,0.0,0.0,1.0
0.4035947712418301,0.5616161616161617,0.36484657039711194,0.3382192487828554,0.0,1.0,0.0
0.5325142634854771,0.5841862206689965,0.42158273381294964,0.4729047377291141,1.0,0.0,0.0
0.4017592042755344,0.39697802197802196,0.29937874892887745,0.33310910558944967,0.0,0.0,1.0
0.36687242798353903,0.8093944099378882,0.37661290322580643,0.2522175581525651,0.0,1.0,0.0
0.5740254538981844,0.5700392576730906,0.515625,0.5161409378440648,1.0,0.0,0.0
0.4781739130434783,0.42221916299559475,0.4402866242038216,0.31185284681235237,0.0,0.0,1.0
0.5844240837696335,0.5896118721461188,0.45398936170212767,0.2962699460404944,0.0,1.0,0.0
0.46589933791074056,0.5171792618629174,0.5384391622340425,0.3951327881062897,1.0,0.0,0.0
0.5621408045977012,0.28664552501761803,0.3931194906953967,0.34219919857026004,0.0,0.0,1.0
0.5689308681672025,0.32383675078864355,0.2781193078324226,0.3013117038436395,0.0,1.0,0.0
0.5722831953940266,0.5734484484484484,0.38648730350665056,0.41882072750716826,1.0,0.0,0.0
0.5572519083969466,0.4302325581395349,0.416044776119403,0.5458199256165461,0.0,0.0,1.0
0.4074796472184532,0.415582726326743,0.26666666666666666,0.26624627149985597,0.0,1.0,0.0
0.4084530911062907,0.3783679753656659,0.46253501400560226,0.33430388698301994,1.0,0.0,0.0
0.5140027322404372,0.4312015503875969,0.42657342657342656,0.4560955267684901,0.0,0.0,1.0
0.4972047519217331,0.6491769547325104,0.3408154859967051,0.2917350113028396,0.0,1.0,0.0
0.4349074664964901,0.5863636363636364,0.5979093050647821,0.3767528519391686,1.0,0.0,0.0
0.5777685950413223,0.47509765625,0.4742176386913229,0.32315572970228723,0.0,0.0,1.0
0.4093320848938826,0.48125,0.4656084656084656,0.3301051430544634,0.0,1.0,0.0
0.4632441371016236,0.26519337016574585,0.22852028639618138,0.30887407597738864,1.0,0.0,0.0
0.5048454688318491,0.2744937949052907,0.29476987447698744,0.3992274344350622,0.0,0.0,1.0
0.44399243918474685,0.4228491271820448,0.3740138067061144,0.28796347276243883,0.0,1.0,0.0
0.5292635882081991,0.369688486936549,0.33762605614608887,0.25914396930993927,1.0,0.0,0.0
0.6027258960121151,0.340670436187399,0.34078538102643857,0.3197562658518984,0.0,0.0,1.0
0.44519312393887944,0.5186670353982301,0.37809684684684686,0.31602057448208326,0.0,1.0,0.0
0.5960843373493976,0.3169362084456424,0.39464769647696474,0.34355108593147377,1.0,0.0,0.0
0.8634727459718889,0.23316923895689196,0.27102868174296746,0.4062251639321991,0.0,0.0,1.0
0.5315495207667731,0.43448107049608353,0.44677672955974845,0.5186583071802805,0.0,1.0,0.0
0.6076892109500804,0.4636258660508083,0.4358877086494689,0.3792070593587989,1.0,0.0,0.0
0.5541763341067285,0.3545258620689655,0.37743993993993996,0.31838576864280665,0.0,0.0,1.0
0.6125063099444725,0.3797071129707113,0.4042249047013977,0.4414992271446549,0.0,1.0,0.0
0.4627083333333333,0.40390625,0.5278221512247071,0.4046546543020379,1.0,0.0,0.0
0.6062868369351669,0.37573529411764706,0.47762863534675615,0.31551902596589565,0.0,0.0,1.0
0.6182166528583264,0.4923469387755102,0.5381853785900783,0.34715494018184234,0.0,1.0,0.0
0.5305296377607025,0.614846570397112,0.45480000000000004,0.41908780913046717,1.0,0.0,0.0
0.5236294896030246,0.621661101836394,0.5457920792079207,0.34657885869952443,0.0,0.0,1.0
0.64806980433633,0.3556201550387597,0.37,0.27110653102860055,0.0,1.0,0.0
0.37913119679519275,0.3288288288288288,0.26714975845410627,0.2813265207596894,1.0,0.0,0.0
0.383761976802824,0.37632776934749623,0.43790849673202614,0.3446782039055942,0.0,0.0,1.0
0.5705168119551681,0.31490384615384615,0.3640939597315436,0.33417947857377117,0.0,1.0,0.0
0.47824341682723187,0.5196304849884528,0.3478543563068921,0.4368365078169213,1.0,0.0,0.0
0.4233404384896468,0.34461235216819974,0.42668119551681194,0.3441675956344146,0.0,0.0,1.0
0.38412521653056175,0.2441217845659164,0.2697078831532613,0.34611444469862807,0.0,1.0,0.0
0.536134370015949,0.35965473145780047,0.32824307304785894,0.46712248064708506,1.0,0.0,0.0
0.42962027684249904,0.5298038229376258,0.451269265639166,0.3388528578072293,0.0,0.0,1.0
0.3831865712713264,0.24487381703470032,0.3046018991964938,0.36091163851313746,0.0,1.0,0.0
0.5098736176935229,0.33000403551251006,0.4406167979002625,0.42800433980626473,1.0,0.0,0.0
0.5001115407495539,0.42141009055627426,0.3980263157894737,0.38047300765905956,0.0,0.0,1.0
0.5110022189349113,0.680244399185336,0.30540293040293043,0.2553181201984606,0.0,1.0,0.0
0.544983416252073,0.37205111402359115,0.5508885298869144,0.3543964121164175,1.0,0.0,0.0
0.43537414965986393,0.36213434452871074,0.4890232974910394,0.5511656306539758,0.0,0.0,1.0
0.4800860547219771,0.4596030473135525,0.2954221334854535,0.3241148618577299,0.0,1.0,0.0
0.5334724540901502,0.4290311653116531,0.5821183533447685,0.3645578194601317,1.0,0.0,0.0
0.5280017152658663,0.41493467933491684,0.4184375,0.3365386134725038,0.0,0.0,1.0
0.35225676150333685,0.5535365853658536,0.4090772014475272,0.2835120998666426,0.0,1.0,0.0
0.6170212765957447,0.34057971014492755,0.42597087378640774,0.45761738512880784,1.0,0.0,0.0
0.6109649122807017,0.5784408084696824,0.3405119558553035,0.2578609292256217,0.0,0.0,1.0
0.3983725761772853,0.4648972602739726,0.4339387464387464,0.3638337437334621,0.0,1.0,0.0
0.45625,0.5587121212121213,0.46153846153846156,0.3690870018868936,1.0,0.0,0.0
0.3601334951456311,0.40279069767441866,0.43391345249294455,0.40615616168327595,0.0,0.0,1.0
0.38504964766175526,0.3917797888386123,0.45695553021664764,0.26216912083142285,0.0,1.0,0.0
0.586111111111111,0.3173828125,0.4642857142857143,0.3453405439629458,1.0,0.0,0.0
0.557124097176625,0.4588855421686747,0.4172272047832586,0.41275081793658874,0.0,0.0,1.0
0.5614899806076277,0.27088528678304236,0.4307050592034446,0.2875293206298258,0.0,1.0,0.0
0.5002914723517655,0.3197258641239571,0.2959492140266022,0.5214170527564551,1.0,0.0,0.0
0.5233437663015128,0.549892703862661,0.285264483627204,0.6342062926764948,0.0,0.0,1.0
0.5236683079677709,0.504041570438799,0.5292140641158222,0.34643080267998716,0.0,1.0,0.0
0.39741847826086957,0.34677719821162445,0.44157254561251086,0.27027969921792644,1.0,0.0,0.0
0.5472805933250927,0.37821171634121276,0.4757022471910112,0.40390374857701933,0.0,0.0,1.0
0.5671340629274966,0.3454593267882188,0.37989485134155176,0.37879899063871636,0.0,1.0,0.0
0.5664163885799036,0.3436516264428122,0.39005681818181814,0.43991527033206007,1.0,0.0,0.0
0.4665997706422018,0.4798866090712743,0.51193669527897,0.48363658450103086,0.0,0.0,1.0
0.5166413373860183,0.36926605504587157,0.47665313225058004,0.30420919488573556,0.0,1.0,0.0
0.6290483308420528,0.4800569800569801,0.3865717192268565,0.3384783091661966,1.0,0.0,0.0
0.534051510648836,0.4446296296296296,0.5387466307277629,0.43629072597064955,0.0,0.0,1.0
0.4695164075993091,0.28756524981357195,0.32890781563126253,0.33457964886564673,0.0,1.0,0.0
0.5731334841628959,0.3690642458100558,0.32794117647058824,0.28739267260324936,1.0,0.0,0.0
0.5789034411915768,0.4428256611165524,0.4048594847775176,0.5557760927743087,0.0,0.0,1.0
0.589938300901756,0.536241610738255,0.4286469344608879,0.32116404370035767,0.0,1.0,0.0
0.5334928229665071,0.5062217194570136,0.40513959390862947,0.2988970773272669,1.0,0.0,0.0
0.4378335759340126,0.41155660377358494,0.40268640350877194,0.42170079915849185,0.0,0.0,1.0
0.4207943925233645,0.3768467220683287,0.37996987951807226,0.28956856616981785,0.0,1.0,0.0
0.5002605976372481,0.4027122641509434,0.39520676691729323,0.3624727169411297,1.0,0.0,0.0
0.5300723258469737,0.3472222222222222,0.3416119962511715,0.4320445553872571,0.0,0.0,1.0
0.6320530726256983,0.23198569856985696,0.45199443413729123,0.32501868397487255,0.0,1.0,0.0
0.4994207599629287,0.4554490177736202,0.42896311066799603,0.3622462366328208,1.0,0.0,0.0
0.5413249211356467,0.5652372262773723,0.433535447761194,0.5638342523359472,0.0,0.0,1.0
0.5466863033873343,0.29854314946619215,0.21793976864778616,0.46447455796463716,0.0,1.0,0.0
0.4933818663136995,0.6381972111553785,0.3842879256965944,0.4435265612597986,1.0,0.0,0.0
0.511018090839107,0.4612232030264817,0.41533304498269896,0.38528256150002554,0.0,0.0,1.0
0.7001479289940828,0.45320855614973266,0.3774472891566265,0.37455260990339545,0.0,1.0,0.0
0.4795046968403074,0.45754716981132076,0.3779832935560859,0.5085479722011945,1.0,0.0,0.0
0.4153166421207658,0.3626462938881665,0.5030647985989491,0.4864244346649902,0.0,0.0,1.0
0.6149769585253455,0.5244485294117647,0.41151685393258425,0.268461531711528,0.0,1.0,0.0
0.49719363891487367,0.4664017341040462,0.4983258928571429,0.3748504129051258,1.0,0.0,0.0
0.46976866456361727,0.28330291970802923,0.47775689223057644,0.4388676830303642,0.0,0.0,1.0
0.4953208556149733,0.49576558265582654,0.42868257261410786,0.30701873843316224,0.0,1.0,0.0
0.5969006271104679,0.3600871313672922,0.35616028708133973,0.6346801858636224,1.0,0.0,0.0
0.5311429270680372,0.4791271347248577,0.43193581780538304,0.38487225177790596,0.0,0.0,1.0
0.4362123613312203,0.45947901591895807,0.4304718875502008,0.29991407394839786,0.0,1.0,0.0
0.5901874225526642,0.30752561071710005,0.35935870698644423,0.3834198504013887,1.0,0.0,0.0
0.4222352305475504,0.6066542288557214,0.4814727954971857,0.3948288461138856,0.0,0.0,1.0
0.4003707627118644,0.3760593220338983,0.380237825594564,0.26520691908569227,0.0,1.0,0.0
0.5398584905660377,0.5693462897526502,0.584143109540636,0.3730167034870403,1.0,0.0,0.0
0.47991877256317694,0.21340749414519908,0.28538433111603845,0.3932273917402291,0.0,0.0,1.0
0.3826194874163011,0.36852589641434264,0.3022639691714836,0.3814444455450506,0.0,1.0,0.0
0.5331843191196699,0.3480798192771084,0.4110315893385982,0.44835467375622473,1.0,0.0,0.0
0.45008846947803005,0.44548697270471466,0.45226811103588355,0.38642215432385113,0.0,0.0,1.0
0.47066841680129246,0.6065175097276265,0.43138244197780024,0.2634950415473932,0.0,1.0,0.0
0.5576530612244899,0.47494725738396626,0.5327464788732394,0.4976473452415684,1.0,0.0,0.0
0.5870576746323528,0.45618258859784283,0.43138397017707364,0.6433321571831823,0.0,0.0,1.0
0.5435345525165884,0.2799561206120612,0.21927304521608793,0.25014442885608856,0.0,1.0,0.0
0.5605774419859687,0.3460868187579214,0.28572842438638163,0.45451204013149754,1.0,0.0,0.0
0.5435030395136777,0.451076993583868,0.41825657894736845,0.5016746218718464,0.0,0.0,1.0
0.6218179302711677,0.3903955954323002,0.4640179910044977,0.3791383694503463,0.0,1.0,0.0
0.494,0.4541666666666666,0.2889892904953146,0.2663554751877538,1.0,0.0,0.0
0.4208711940060577,0.4270168641750228,0.5315894279507604,0.42313272145242137,0.0,0.0,1.0
0.4624133949191686,0.4610599078341014,0.34717818642993026,0.3438896825240803,0.0,1.0,0.0
0.49431557188791914,0.36290708812260536,0.42654761904761906,0.4029833479240067,1.0,0.0,0.0
0.6884332925336598,0.29374449985332945,0.20195578231292516,0.5711377791571595,0.0,0.0,1.0
0.39256897449245187,0.3637289862455425,0.28244180287270926,0.3228279880358388,0.0,1.0,0.0
0.4020780856423174,0.501853813559322,0.31555810397553513,0.2954301440070929,1.0,0.0,0.0
0.46770628683693516,0.3652019002375297,0.5875634517766497,0.385141249726747,0.0,0.0,1.0
0.6039582737925121,0.5323770491803279,0.47010281385281383,0.5285612036988663,0.0,1.0,0.0
0.6263199577613516,0.2936813186813187,0.3530254777070064,0.33932041757899933,1.0,0.0,0.0
0.3499436936936937,0.5160835214446953,0.3606396866840731,0.2965354201675296,0.0,0.0,1.0
0.6951995600251415,0.5299884659746251,0.606060606060606,0.4760212998519957,0.0,1.0,0.0
0.586839530332681,0.36087740384615385,0.3534283513097073,0.6071528725816812,1.0,0.0,0.0
0.5573603568657874,0.46377749029754206,0.3419448010269577,0.3917021876424476,0.0,0.0,1.0
0.5251405371642723,0.4208953540820929,0.448100812231247,0.36852300551291106,0.0,1.0,0.0
0.5303449744463373,0.33120888157894735,0.4086805555555556,0.28082908661360356,1.0,0.0,0.0
0.5084317032040472,0.29661820480404555,0.2510593220338983,0.22737084864930748,0.0,0.0,1.0
0.5623675535672239,0.496050321825629,0.5325394803871625,0.39965007821378573,0.0,1.0,0.0
0.5223214285714286,0.45037067545304776,0.4427923387096774,0.37585684533110353,1.0,0.0,0.0
0.5255125815470643,0.3503707627118644,0.5184782608695653,0.34452246319129526,0.0,0.0,1.0
0.5003931768691023,0.5199058219178082,0.4899412296564195,0.37617418667299246,0.0,1.0,0.0
0.4870416078984485,0.4385948210205636,0.4298413566739606,0.4128593080418447,1.0,0.0,0.0
0.44026619627966646,0.5268595041322314,0.36260454002389486,0.33806566232881285,0.0,0.0,1.0
0.48075771188978733,0.3745702005730659,0.3282212525667351,0.3597175942913453,0.0,1.0,0.0
0.5668708020545239,0.4541284403669725,0.5531867145421903,0.28298309733650784,1.0,0.0,0.0
0.5732114779874213,0.4957837301587302,0.6043307086614174,0.3896806774871794,0.0,0.0,1.0
0.5331724969843185,0.4768948182521269,0.5074074074074074,0.5368957638135059,0.0,1.0,0.0
0.6358414704192993,0.31383384146341464,0.37825829383886256,0.31774862042483787,1.0,0.0,0.0
0.39740315027671347,0.2716289945440374,0.3369462770970782,0.30618804829700225,0.0,0.0,1.0
0.36822732626619553,0.4208715596330275,0.3662236710130391,0.4698431966784905,0.0,1.0,0.0
0.4449854952341484,0.26588263821532493,0.3261812921890067,0.40541245141049553,1.0,0.0,0.0
0.590222443559097,0.49507299270072996,0.5464989059080962,0.33744749150486975,0.0,0.0,1.0
0.5020357142857143,0.2542360285374554,0.39006193693693697,0.49038125849038045,0.0,1.0,0.0
0.6280032763014197,0.4724454649827784,0.3234206989247312,0.38491683808497656,1.0,0.0,0.0
0.518844049247606,0.4987777777777778,0.43898367952522255,0.3680366994169633,0.0,0.0,1.0
0.49843596663395484,0.4590415486307837,0.5099241748438894,0.5828395331210645,0.0,1.0,0.0
0.23853255587949462,0.2708124373119358,0.2162170263788969,0.3388207184010309,1.0,0.0,0.0
0.4313896648044693,0.31837606837606836,0.38699261992619927,0.3340561560825366,0.0,0.0,1.0
0.7157267053053945,0.22476851851851853,0.24529611351017888,0.40065285646152154,0.0,1.0,0.0
0.3438751365125592,0.3870039682539682,0.4774972557628979,0.26731101227015697,1.0,0.0,0.0
0.5407541065206571,0.43434782608695655,0.4027777777777778,0.2878198648099165,0.0,0.0,1.0
0.5572232645403377,0.3099112426035503,0.32933487756452684,0.41856905504262754,0.0,1.0,0.0
0.49418153607447635,0.3966753585397653,0.48072139303482586,0.37792598961267554,1.0,0.0,0.0
0.5837840761575075,0.4025157232704403,0.43011083743842365,0.2572846880255939,0.0,0.0,1.0
0.49433656957928807,0.3370859213250518,0.3364507299270073,0.35936116930958734,0.0,1.0,0.0
0.47079846582984664,0.2551867219917012,0.30205811138014527,0.382131890613864,1.0,0.0,0.0
0.36910601265822784,0.2925516647531573,0.2226832641770401,0.2933944567460118,0.0,0.0,1.0
0.58203125,0.28769258987527513,0.34818271119842825,0.3902953666210365,0.0,1.0,0.0
0.5488683127572016,0.35870307167235493,0.3826099210822999,0.42282963011300545,1.0,0.0,0.0
0.544719827586207,0.3909869083585096,0.6503707136237257,0.38158808624097235,0.0,0.0,1.0
0.4311611008039579,0.4087456597222222,0.4786821705426356,0.41208844421334434,0.0,1.0,0.0
0.5957224334600761,0.5493300852618757,0.4020650813516896,0.4329001211755187,1.0,0.0,0.0
0.4501427406199021,0.6238425925925926,0.41962077493816985,0.43292084570089634,0.0,0.0,1.0
0.5114559164733179,0.29674369747899154,0.4225825019186493,0.49627138541480853,0.0,1.0,0.0
0.46212356411052474,0.5078027465667915,0.42736598279285243,0.473632624808652,1.0,0.0,0.0
0.5357560861423221,0.5121340523882897,0.5890837104072398,0.41802316786475613,0.0,0.0,1.0
0.45844058344058347,0.5231796116504854,0.5094072164948453,0.5209390981181664,0.0,1.0,0.0
0.47612481857764877,0.3391003460207612,0.22878692646134505,0.4336916659229738,1.0,0.0,0.0
0.5106553010122535,0.4360991379310345,0.38056631171345595,0.35203222856228805,0.0,0.0,1.0
0.3965137376879212,0.34352387843704774,0.47862232779097386,0.39269432379721336,0.0,1.0,0.0
0.6125896700143472,0.4196092278719397,0.3228365384615385,0.4619295546828489,1.0,0.0,0.0
0.4206265769554247,0.3707488066825776,0.25397373876986873,0.3942558163662957,0.0,0.0,1.0
0.6076181423139598,0.3006509821836455,0.21629420432220042,0.33365039171269095,0.0,1.0,0.0
0.4666180430879713,0.4907809110629067,0.4506608933454877,0.3050210247510291,1.0,0.0,0.0
0.5892375168690958,0.3086661911554921,0.38391933815925544,0.41198577849905516,0.0,0.0,1.0
0.581592219020173,0.40876588983050854,0.4287109375,0.40982093061135283,0.0,1.0,0.0
0.42310828440965426,0.5198170731707317,0.5011185682326622,0.369433937585014,1.0,0.0,0.0
0.5415317357512953,0.39812435765673176,0.3619109947643979,0.4193550139805035,0.0,0.0,1.0
0.3633315450643777,0.2144854586129754,0.294515306122449,0.3184369193522635,0.0,1.0,0.0
0.44795409181636725,0.3050737207285342,0.3554421768707483,0.5382771560636856,1.0,0.0,0.0
0.6166193914388861,0.39906738868832725,0.31551297898640296,0.33597340027647205,0.0,0.0,1.0
0.4617336581404791,0.2703843913803145,0.24124569460390358,0.31075517499510286,0.0,1.0,0.0
0.5424880525686977,0.3573321554770318,0.6005658436213992,0.4389793356451478,1.0,0.0,0.0
0.5573522286821705,0.36741767764298094,0.473481514084507,0.41272125598738185,0.0,0.0,1.0
0.5655381944444444,0.3853092783505155,0.30770300333704115,0.386087132068249,0.0,1.0,0.0
0.6128581411600279,0.3830570902394107,0.4476284584980237,0.4194593830723122,1.0,0.0,0.0
0.669562274368231,0.4691283292978208,0.4614507299270073,0.3360121988131857,0.0,0.0,1.0
0.5074606619641888,0.4512605042016807,0.5371153846153847,0.48634999509032767,0.0,1.0,0.0
0.6237942122186495,0.3182021466905188,0.3601138353765324,0.3982878307814662,1.0,0.0,0.0
0.45745149911816574,0.39783001808318263,0.4181222707423581,0.3792855540852715,0.0,0.0,1.0
0.31502075919335704,0.30199932795698925,0.2696273516642547,0.2768002309747963,0.0,1.0,0.0
0.3459697075208914,0.3330237741456166,0.4602356406480118,0.5718746238589067,1.0,0.0,0.0
0.45986757105943155,0.2731598984771574,0.27179561200923785,0.3092739518664762,0.0,0.0,1.0
0.5263461538461538,0.4670022371364653,0.49663299663299665,0.5031920205028063,0.0,1.0,0.0
0.6623873873873873,0.5294736842105263,0.44513157894736843,0.4377718459972634,1.0,0.0,0.0
0.45926881067961167,0.40977443609022557,0.3672077922077922,0.3542814521404415,0.0,0.0,1.0
0.5182384341637011,0.4205744431418523,0.39862204724409445,0.44093056805248126,0.0,1.0,0.0
0.4167573449401523,0.47285932721712537,0.32776049766718507,0.2885667643500861,1.0,0.0,0.0
0.681058495821727,0.5111811926605504,0.38638433515482695,0.2691960625087114,0.0,0.0,1.0
0.4782608695652174,0.3576127819548872,0.2946623093681917,0.30770458690696456,0.0,1.0,0.0
0.5772477238239757,0.33940182054616386,0.36209766925638176,0.43505296063765564,1.0,0.0,0.0
0.5422162034856335,0.35826032540675845,0.49420926517571884,0.3280427945192201,0.0,0.0,1.0
0.40470179867466083,0.3724108170310702,0.4447433774834437,0.3934681713343606,0.0,1.0,0.0
0.544809688581315,0.3069158075601375,0.3778916929547844,0.31260826754656285,1.0,0.0,0.0
0.5836406302380155,0.6917591125198098,0.577608695652174,0.4760217815429638,0.0,0.0,1.0
0.645203066721923,0.4486910994764398,0.4353876739562624,0.3548012376134543,0.0,1.0,0.0
0.5171611401977895,0.28125,0.4148216482164822,0.4435304190010258,1.0,0.0,0.0
0.42048535791757047,0.5796027742749055,0.45699831365935917,0.48642087058274097,0.0,0.0,1.0
0.4963648380700595,0.25583964646464646,0.3233799237611182,0.37374657991136034,0.0,1.0,0.0
0.604481456043956,0.31439777327935226,0.3765486725663717,0.36717732198051684,1.0,0.0,0.0
0.5912001897533207,0.5682314410480349,0.34978540772532185,0.32666310331361675,0.0,0.0,1.0
0.46083418107833163,0.31050656660412757,0.4276315789473684,0.4020114638540174,0.0,1.0,0.0
0.5152080062794349,0.3931650246305419,0.41157314629258523,0.269097559022436,1.0,0.0,0.0
0.3290767766497462,0.3263157894736842,0.3255571030640668,0.31824056338382656,0.0,0.0,1.0
0.6084706591639871,0.5128120893561103,0.3394871794871795,0.42053217866807713,0.0,1.0,0.0
0.5132420091324201,0.35757502420135523,0.4092356687898089,0.3053063164482722,1.0,0.0,0.0
0.35935821697099896,0.4336206896551724,0.45940721649484534,0.30404362755555286,0.0,0.0,1.0
0.46253750937734434,0.28720130340333094,0.3043095866314864,0.3448474554519995,0.0,1.0,0.0
0.51875,0.3845108695652174,0.4083523375142531,0.3582043495669857,1.0,0.0,0.0
0.49346720448965276,0.5623249299719888,0.4596281908990011,0.28877025075409374,0.0,0.0,1.0
0.4075940860215054,0.3799237611181703,0.3572064056939502,0.36910120139226765,0.0,1.0,0.0
0.4508211041229909,0.4795774647887324,0.2918943533697632,0.32889807569591306,1.0,0.0,0.0
0.510065543071161,0.6912628487518355,0.5841645885286783,0.28460699533845757,0.0,0.0,1.0
0.5339563286454478,0.4709252971137521,0.42106299212598425,0.3536076823708602,0.0,1.0,0.0
0.3261764705882353,0.30133657351154314,0.2670198376916141,0.3765148828541436,1.0,0.0,0.0
0.6403753993610224,0.341125,0.3727900552486188,0.2581451930833903,0.0,0.0,1.0
0.510140306122449,0.38628706199460916,0.5651260504201681,0.4324967889953516,0.0,1.0,0.0
0.4397975492807672,0.425,0.4170326223337516,0.32633781523800653,1.0,0.0,0.0
0.46602167182662546,0.42206477732793524,0.3539737654320988,0.33224226750140573,0.0,0.0,1.0
0.5091346153846154,0.2654320987654321,0.28103095794392524,0.45162923774953534,0.0,1.0,0.0
0.5759472259810554,0.34567594433399607,0.2784653465346535,0.3679742989777755,1.0,0.0,0.0
0.3696657183499289,0.25715613382899627,0.27622723673792554,0.3324179787801301,0.0,0.0,1.0
0.41738824003221914,0.38484251968503935,0.32230679156908665,0.3600205986347056,0.0,1.0,0.0
0.663961038961039,0.44367671691792293,0.38464187327823685,0.31472884747649904,1.0,0.0,0.0
0.5770449308755761,0.30544147843942504,0.4610871647509578,0.323502691878181,0.0,0.0,1.0
0.4328740157480315,0.32309850374064836,0.4388192612137203,0.3259033723913932,0.0,1.0,0.0
0.5937152906330989,0.40022935779816515,0.2744943109987358,0.2497037237782726,1.0,0.0,0.0
0.5050882564841499,0.4272727272727273,0.41042122538293213,0.3049208813524703,0.0,0.0,1.0
0.6040445486518171,0.3538273615635179,0.44130434782608696,0.2748343313478291,0.0,1.0,0.0
0.626884760366182,0.33502906976744184,0.26522140221402213,0.21919966125626644,1.0,0.0,0.0
0.5643224699828473,0.4421067106710671,0.2660590277777778,0.3128138256935841,0.0,0.0,1.0
0.4886287904031989,0.5579144021739131,0.4639487870619946,0.4438858055491131,0.0,1.0,0.0
0.5912876784769963,0.40125173852573015,0.38109756097560976,0.2842432675585178,1.0,0.0,0.0
0.5440608401738292,0.24869246861924688,0.34659090909090906,0.35295319509947376,0.0,0.0,1.0
0.480778452685422,0.4121900826446281,0.4360146252285192,0.41734530102738066,0.0,1.0,0.0
0.633399209486166,0.38781208935611045,0.3543943533697632,0.3240027635553461,1.0,0.0,0.0
0.37931599650349646,0.28747294372294374,0.34047919293820933,0.3524336753120016,0.0,0.0,1.0
0.5747791333613799,0.4138558201058201,0.5138658940397351,0.3958540762488299,0.0,1.0,0.0
0.4921373555840821,0.3716162420382165,0.3209263854425145,0.36464247193288324,1.0,0.0,0.0
0.3258973924822215,0.29030678851174935,0.28295454545454546,0.3031853626831204,0.0,0.0,1.0
0.5,0.4811320754716981,0.5356121281464531,0.4046024049311585,0.0,1.0,0.0
0.42072338489535943,0.4887114537444934,0.4446529080675422,0.37112196405472936,1.0,0.0,0.0
0.5091346153846154,0.5094614264919941,0.39414802065404475,0.36621309142221414,0.0,0.0,1.0
0.3246611810261375,0.4345864661654135,0.47842401500938087,0.4408655404436053,0.0,1.0,0.0
0.5193883610451306,0.4400360685302074,0.4457091055600323,0.43211271367376225,1.0,0.0,0.0
0.5065748762376238,0.4594421699078813,0.4420821114369501,0.3077099774110986,0.0,0.0,1.0
0.44840225563909775,0.3027426160337553,0.2926829268292683,0.27562545989698306,0.0,1.0,0.0
0.6143299425033171,0.2653658536585366,0.44322235434007135,0.3261929248019627,1.0,0.0,0.0
0.454054054054054,0.3196656050955414,0.5056818181818182,0.26177414725044806,0.0,0.0,1.0
0.4898886283704572,0.2669092465753425,0.27637314734088925,0.3540669062295261,0.0,1.0,0.0
0.4189754555596876,0.48105761641673245,0.3756761325219743,0.3575068684152194,1.0,0.0,0.0
0.3215691096901131,0.5288309636650869,0.3491271820448878,0.41972796616346764,0.0,0.0,1.0
0.6139397905759163,0.23217922606924646,0.19263994471319973,0.3074255006404122,0.0,1.0,0.0
0.6049235181644359,0.476335656213705,0.45086898395721925,0.4034532403522537,1.0,0.0,0.0
0.5076144221270991,0.4791666666666667,0.4610623003194888,0.43716638696885646,0.0,0.0,1.0
0.49081793600721046,0.2735460069444444,0.3361597374179431,0.27375767899717174,0.0,1.0,0.0
0.43522727272727274,0.3615498519249753,0.5819954128440367,0.3855473966224733,1.0,0.0,0.0
0.441913338088445,0.4467018469656992,0.3953504415011038,0.4476526340789395,0.0,0.0,1.0
0.486470113085622,0.625,0.45504926108374383,0.3400246638406816,0.0,1.0,0.0
0.572857142857143,0.3830275229357798,0.4390927624872579,0.3836607453298353,1.0,0.0,0.0
0.6052895642201834,0.426255230125523,0.4405781584582441,0.4739135501265481,0.0,0.0,1.0
0.362098623853211,0.5552884615384615,0.4944852941176471,0.44510715670814943,0.0,1.0,0.0
0.5952436194895592,0.5052780638516993,0.4177698574338085,0.5788914334039471,1.0,0.0,0.0
0.5945140586797066,0.5812043795620438,0.3982889733840304,0.2727194715018609,0.0,0.0,1.0
0.396461716937355,0.5649171270718233,0.5338709677419354,0.39072547049449524,0.0,1.0,0.0
0.5158428390367554,0.4219833564493759,0.47005862646566166,0.4252721819676092,1.0,0.0,0.0
0.5898519392033543,0.315603595890411,0.30963302752293576,0.40657840110272014,0.0,0.0,1.0
0.48229847494553374,0.45610119047619047,0.3327702702702703,0.3550020712088587,0.0,1.0,0.0
0.400093261832595,0.36470506399554814,0.35442329227323627,0.39895642072641674,1.0,0.0,0.0
0.42405913978494625,0.5194209039548022,0.5144029329608939,0.5233075951365861,0.0,0.0,1.0
0.5482851985559567,0.625,0.3802083333333333,0.3864700208622873,0.0,1.0,0.0
0.5600172711571676,0.37750941028858215,0.5117292225201072,0.4149642706066575,1.0,0.0,0.0
0.5990301724137931,0.4447843822843823,0.581973293768546,0.42907601314774146,0.0,0.0,1.0
0.4323814655172414,0.3828616352201258,0.37344720496894407,0.36575063710156874,0.0,1.0,0.0
0.40847889374090246,0.6957070707070707,0.25347624565469296,0.3460675187210738,1.0,0.0,0.0
0.5922454617205999,0.46062197092084006,0.479287369640788,0.453068981512282,0.0,0.0,1.0
0.5348360655737705,0.3967391304347826,0.4217391304347826,0.347528858226374,0.0,1.0,0.0
0.5967429236138039,0.31242532855436084,0.33883025505716796,0.3240197915744039,1.0,0.0,0.0
0.5015482398956975,0.36210835509138384,0.5599747474747474,0.5067449055706241,0.0,0.0,1.0
0.5388434579439252,0.2946428571428571,0.2995426829268293,0.36958401256838125,0.0,1.0,0.0
0.44329501915708813,0.6476683937823835,0.3195127952755905,0.31735950337474056,1.0,0.0,0.0
0.529296875,0.39285714285714285,0.4314903846153846,0.4408130313029834,0.0,0.0,1.0
0.5461045364891519,0.4038461538461539,0.35587431693989074,0.3152892536022542,0.0,1.0,0.0
0.39728464419475656,0.5329710144927536,0.41180285343709466,0.4017622771275724,1.0,0.0,0.0
0.42607526881720426,0.4440104166666667,0.36024844720496896,0.4061856030782556,0.0,0.0,1.0
0.5535714285714286,0.6064453125,0.5099637681159421,0.3972479654470844,0.0,1.0,0.0
0.48108614232209745,0.3252427184466019,0.48615992970123023,0.37625057593733796,1.0,0.0,0.0
0.5265,0.49282786885245905,0.3323529411764706,0.36618943485797006,0.0,0.0,1.0
0.6700418994413407,0.48913043478260865,0.2505787037037037,0.4076122805732805,0.0,1.0,0.0
0.43011527377521613,0.3295454545454546,0.38167938931297707,0.3361278590813855,1.0,0.0,0.0
0.46280991735537186,0.5449999999999999,0.493421052631579,0.37631950438636874,0.0,0.0,1.0
0.51953125,0.47572815533980584,0.3831967213114754,0.4189584236881079,0.0,1.0,0.0
