datetime;retorno_total_em_pontos;pavio_contra_em_pontos;label
2022-06-13;-1090.0;445.0;Lateral
2022-06-14;-1015.0;400.0;Lateral
2022-06-15;510.0;515.0;Lateral
2022-06-17;-2195.0;310.0;Lateral
2022-06-20;360.0;1280.0;Lateral
2022-06-21;-610.0;380.0;Lateral
2022-06-22;945.0;580.0;Lateral
2022-06-23;10.0;805.0;Lateral
2022-06-24;505.0;440.0;Lateral
2022-06-27;1625.0;425.0;Lateral
2022-06-28;-385.0;485.0;Lateral
2022-06-29;-700.0;1070.0;Lateral
2022-06-30;-310.0;260.0;Lateral
2022-07-01;20.0;675.0;Lateral
2022-07-04;290.0;680.0;Lateral
2022-07-05;-845.0;40.0;Venda
2022-07-06;240.0;340.0;Lateral
2022-07-07;1070.0;65.0;Compra
2022-07-08;65.0;590.0;Lateral
2022-07-11;-1030.0;190.0;Venda
2022-07-12;450.0;455.0;Lateral
2022-07-13;135.0;1350.0;Lateral
2022-07-14;-975.0;285.0;Venda
2022-07-15;140.0;1000.0;Lateral
2022-07-18;550.0;480.0;Lateral
2022-07-19;65.0;275.0;Lateral
2022-07-20;-75.0;140.0;Lateral
2022-07-21;-125.0;75.0;Lateral
2022-07-22;360.0;410.0;Lateral
2022-07-25;380.0;115.0;Lateral
2022-07-26;-60.0;485.0;Lateral
2022-07-27;-5.0;220.0;Lateral
2022-07-28;-285.0;575.0;Lateral
2022-07-29;-145.0;45.0;Lateral
2022-08-01;-70.0;75.0;Lateral
2022-08-02;1350.0;155.0;Compra
2022-08-03;-760.0;170.0;Venda
2022-08-04;1370.0;95.0;Compra
2022-08-05;780.0;865.0;Lateral
2022-08-08;1090.0;95.0;Compra
2022-08-09;-700.0;490.0;Lateral
2022-08-10;1450.0;75.0;Compra
2022-08-11;-115.0;965.0;Lateral
2022-08-12;690.0;5.0;Super Compra
2022-08-15;875.0;685.0;Lateral
2022-08-16;-165.0;635.0;Lateral
2022-08-17;495.0;655.0;Lateral
2022-08-18;130.0;225.0;Lateral
2022-08-19;-1350.0;290.0;Venda
2022-08-22;50.0;435.0;Lateral
2022-08-23;960.0;600.0;Lateral
2022-08-24;690.0;500.0;Lateral
2022-08-25;-500.0;290.0;Lateral
2022-08-26;-245.0;995.0;Lateral
2022-08-29;865.0;290.0;Compra
2022-08-30;-1240.0;145.0;Venda
2022-08-31;530.0;435.0;Lateral
2022-09-01;-1405.0;255.0;Venda
2022-09-02;1960.0;255.0;Compra
2022-09-05;1450.0;40.0;Compra
2022-09-06;-2095.0;25.0;Venda
2022-09-08;-515.0;310.0;Lateral
2022-09-09;1305.0;115.0;Compra
2022-09-12;530.0;355.0;Lateral
2022-09-13;-2155.0;215.0;Venda
2022-09-14;480.0;545.0;Lateral
2022-09-15;-1000.0;690.0;Lateral
2022-09-16;-240.0;305.0;Lateral
2022-09-19;1970.0;185.0;Compra
2022-09-20;-45.0;535.0;Lateral
2022-09-21;-1085.0;320.0;Lateral
2022-09-22;-565.0;955.0;Lateral
2022-09-23;-1520.0;170.0;Venda
2022-09-26;-650.0;290.0;Lateral
2022-09-27;-125.0;1235.0;Lateral
2022-09-28;925.0;105.0;Compra
2022-09-29;-670.0;325.0;Lateral
2022-09-30;1005.0;1000.0;Lateral
2022-10-03;1390.0;750.0;Lateral
2022-10-04;-685.0;780.0;Lateral
2022-10-05;695.0;205.0;Lateral
2022-10-06;790.0;140.0;Compra
2022-10-07;65.0;565.0;Lateral
2022-10-10;-950.0;440.0;Lateral
2022-10-11;-195.0;600.0;Lateral
2022-10-13;-1995.0;530.0;Lateral
2022-10-14;-670.0;405.0;Lateral
2022-10-17;735.0;575.0;Lateral
2022-10-18;-15.0;780.0;Lateral
2022-10-19;335.0;360.0;Lateral
2022-10-20;555.0;100.0;Lateral
2022-10-21;1750.0;105.0;Compra
2022-10-24;-2460.0;10.0;Venda
2022-10-25;-540.0;655.0;Lateral
2022-10-26;-1345.0;435.0;Lateral
2022-10-27;325.0;600.0;Lateral
2022-10-28;995.0;50.0;Compra
2022-10-31;4295.0;500.0;Lateral
2022-11-01;-25.0;1160.0;Lateral
2022-11-03;2090.0;375.0;Lateral
2022-11-04;1155.0;595.0;Lateral
2022-11-07;-2590.0;235.0;Venda
2022-11-08;0.0;1520.0;Lateral
2022-11-09;-10.0;325.0;Lateral
2022-11-10;-2645.0;0.0;Venda
2022-11-11;-155.0;570.0;Lateral
2022-11-14;55.0;395.0;Lateral
2022-11-16;-1175.0;665.0;Lateral
2022-11-17;-150.0;440.0;Lateral
2022-11-18;-790.0;1075.0;Lateral
2022-11-21;120.0;30.0;Lateral
2022-11-22;-240.0;925.0;Lateral
2022-11-23;-705.0;210.0;Venda
2022-11-24;2195.0;325.0;Lateral
2022-11-25;-1200.0;755.0;Lateral
2022-11-28;1180.0;635.0;Lateral
2022-11-29;1530.0;395.0;Lateral
2022-11-30;470.0;680.0;Lateral
2022-12-01;-160.0;190.0;Lateral
2022-12-02;2575.0;1275.0;Lateral
2022-12-05;-2205.0;25.0;Venda
2022-12-06;875.0;95.0;Compra
2022-12-07;300.0;535.0;Lateral
2022-12-08;-205.0;305.0;Lateral
2022-12-09;230.0;745.0;Lateral
2022-12-12;-3630.0;0.0;Venda
2022-12-13;875.0;170.0;Compra
2022-12-14;-1170.0;330.0;Lateral
2022-12-15;1955.0;330.0;Lateral
2022-12-16;80.0;620.0;Lateral
2022-12-19;345.0;805.0;Lateral
2022-12-20;2560.0;545.0;Lateral
2022-12-21;-1040.0;100.0;Venda
2022-12-22;75.0;195.0;Lateral
2022-12-23;1530.0;275.0;Compra
2022-12-26;-775.0;535.0;Lateral
2022-12-27;-1655.0;195.0;Venda
2022-12-28;1120.0;180.0;Compra
2022-12-29;-85.0;770.0;Lateral
2023-01-02;-2630.0;185.0;Venda
2023-01-03;-645.0;95.0;Lateral
2023-01-04;185.0;285.0;Lateral
2023-01-05;295.0;630.0;Lateral
2023-01-06;300.0;205.0;Lateral
2023-01-09;535.0;535.0;Lateral
2023-01-10;865.0;375.0;Lateral
2023-01-11;650.0;195.0;Lateral
2023-01-12;-1070.0;440.0;Lateral
2023-01-13;-470.0;265.0;Lateral
2023-01-16;-635.0;540.0;Lateral
2023-01-17;1690.0;60.0;Compra
2023-01-18;750.0;90.0;Compra
2023-01-19;1160.0;245.0;Compra
2023-01-20;-930.0;130.0;Venda
2023-01-23;115.0;585.0;Lateral
2023-01-24;660.0;195.0;Lateral
2023-01-25;-555.0;590.0;Lateral
2023-01-26;-370.0;540.0;Lateral
2023-01-27;-1475.0;240.0;Venda
2023-01-30;105.0;210.0;Lateral
2023-01-31;1180.0;165.0;Compra
2023-02-01;-1305.0;250.0;Venda
2023-02-02;-275.0;1345.0;Lateral
2023-02-03;670.0;475.0;Lateral
2023-02-06;-245.0;490.0;Lateral
2023-02-07;-770.0;340.0;Lateral
2023-02-08;775.0;50.0;Compra
2023-02-09;-2090.0;25.0;Venda
2023-02-10;470.0;530.0;Lateral
2023-02-13;1005.0;705.0;Lateral
2023-02-14;-75.0;395.0;Lateral
2023-02-15;680.0;795.0;Lateral
2023-02-16;-1240.0;245.0;Venda
2023-02-17;-240.0;195.0;Lateral
2023-02-23;1060.0;455.0;Lateral
2023-02-24;-680.0;500.0;Lateral
2023-02-27;-625.0;90.0;Lateral
2023-02-28;0.0;220.0;Lateral
2023-03-01;-1205.0;335.0;Lateral
2023-03-02;-660.0;150.0;Lateral
2023-03-03;775.0;265.0;Compra
2023-03-06;0.0;490.0;Lateral
2023-03-07;-450.0;295.0;Lateral
2023-03-08;1495.0;315.0;Lateral
2023-03-09;-425.0;320.0;Lateral
2023-03-10;-695.0;125.0;Lateral
2023-03-13;260.0;1415.0;Lateral
2023-03-14;-345.0;495.0;Lateral
2023-03-15;-835.0;200.0;Venda
2023-03-16;330.0;370.0;Lateral
2023-03-17;-1655.0;60.0;Venda
2023-03-20;-345.0;320.0;Lateral
2023-03-21;-410.0;70.0;Lateral
2023-03-22;-255.0;140.0;Lateral
2023-03-23;-360.0;1025.0;Lateral
2023-03-24;1395.0;100.0;Compra
2023-03-27;20.0;430.0;Lateral
2023-03-28;1345.0;330.0;Lateral
2023-03-29;-480.0;200.0;Lateral
2023-03-30;-90.0;855.0;Lateral
2023-03-31;-585.0;675.0;Lateral
2023-04-03;-995.0;260.0;Venda
2023-04-04;230.0;405.0;Lateral
2023-04-05;-1825.0;200.0;Venda
2023-04-06;-75.0;720.0;Lateral
2023-04-10;695.0;285.0;Lateral
2023-04-11;2745.0;60.0;Compra
2023-04-12;145.0;320.0;Lateral
2023-04-13;-475.0;400.0;Lateral
2023-04-14;-325.0;600.0;Lateral
2023-04-17;-865.0;20.0;Venda
2023-04-18;-205.0;955.0;Lateral
2023-04-19;-540.0;220.0;Lateral
2023-04-20;450.0;765.0;Lateral
2023-04-24;135.0;795.0;Lateral
2023-04-25;-1020.0;115.0;Venda
2023-04-26;-695.0;700.0;Lateral
2023-04-27;-275.0;245.0;Lateral
2023-04-28;685.0;325.0;Lateral
2023-05-02;-1785.0;400.0;Lateral
2023-05-03;5.0;465.0;Lateral
2023-05-04;-270.0;1650.0;Lateral
2023-05-05;390.0;345.0;Lateral
2023-05-08;680.0;555.0;Lateral
2023-05-09;1320.0;230.0;Compra
2023-05-10;-120.0;570.0;Lateral
2023-05-11;-25.0;335.0;Lateral
2023-05-12;360.0;865.0;Lateral
2023-05-15;-430.0;90.0;Lateral
2023-05-16;270.0;195.0;Lateral
2023-05-17;680.0;250.0;Lateral
2023-05-18;-465.0;115.0;Lateral
2023-05-19;500.0;495.0;Lateral
2023-05-22;170.0;250.0;Lateral
2023-05-23;895.0;315.0;Lateral
2023-05-24;-675.0;410.0;Lateral
2023-05-25;935.0;95.0;Compra
2023-05-26;355.0;90.0;Lateral
2023-05-29;-565.0;125.0;Lateral
2023-05-30;-1685.0;805.0;Lateral
2023-05-31;90.0;255.0;Lateral
2023-06-01;220.0;825.0;Lateral
2023-06-02;1185.0;75.0;Compra
2023-06-05;-245.0;550.0;Lateral
2023-06-06;1500.0;15.0;Compra
2023-06-07;-55.0;670.0;Lateral
2023-06-09;1165.0;20.0;Compra
2023-06-12;130.0;635.0;Lateral
2023-06-13;-310.0;265.0;Lateral
2023-06-14;995.0;255.0;Compra
2023-06-15;1100.0;20.0;Compra
2023-06-16;-125.0;215.0;Lateral
2023-06-19;965.0;210.0;Compra
2023-06-20;-1125.0;20.0;Venda
2023-06-21;85.0;410.0;Lateral
2023-06-22;-1020.0;520.0;Lateral
2023-06-23;-45.0;450.0;Lateral
2023-06-26;-905.0;195.0;Venda
2023-06-27;-1605.0;765.0;Lateral
2023-06-28;-240.0;245.0;Lateral
2023-06-29;380.0;740.0;Lateral
2023-06-30;110.0;285.0;Lateral
2023-07-03;1445.0;85.0;Compra
2023-07-04;-495.0;150.0;Lateral
2023-07-05;675.0;640.0;Lateral
2023-07-06;-2185.0;5.0;Venda
2023-07-07;710.0;385.0;Lateral
2023-07-10;70.0;370.0;Lateral
2023-07-11;-1930.0;80.0;Venda
2023-07-12;780.0;365.0;Lateral
2023-07-13;1560.0;85.0;Compra
2023-07-14;-1070.0;235.0;Venda
2023-07-17;-145.0;340.0;Lateral
2023-07-18;90.0;730.0;Lateral
2023-07-19;-865.0;110.0;Venda
2023-07-20;95.0;510.0;Lateral
2023-07-21;1975.0;265.0;Compra
2023-07-24;1145.0;220.0;Compra
2023-07-25;-280.0;1105.0;Lateral
2023-07-26;45.0;430.0;Lateral
2023-07-27;-1685.0;220.0;Venda
2023-07-28;-110.0;955.0;Lateral
2023-07-31;1125.0;185.0;Compra
2023-08-01;-900.0;15.0;Venda
2023-08-02;-610.0;485.0;Lateral
2023-08-03;-665.0;925.0;Lateral
2023-08-04;800.0;1030.0;Lateral
2023-08-07;-760.0;335.0;Lateral
2023-08-08;85.0;1060.0;Lateral
2023-08-09;-1270.0;0.0;Venda
2023-08-10;95.0;320.0;Lateral
2023-08-11;485.0;320.0;Lateral
2023-08-14;-1165.0;60.0;Venda
2023-08-15;265.0;260.0;Lateral
2023-08-16;1010.0;305.0;Lateral
2023-08-17;-880.0;300.0;Lateral
2023-08-18;520.0;405.0;Lateral
2023-08-21;-1215.0;10.0;Venda
2023-08-22;780.0;200.0;Compra
2023-08-23;665.0;550.0;Lateral
2023-08-24;-795.0;105.0;Venda
2023-08-25;-1515.0;185.0;Venda
2023-08-28;-95.0;250.0;Lateral
2023-08-29;1135.0;95.0;Compra
2023-08-30;-80.0;680.0;Lateral
2023-08-31;-1130.0;275.0;Venda
2023-09-01;835.0;600.0;Lateral
2023-09-04;565.0;255.0;Lateral
2023-09-05;60.0;990.0;Lateral
2023-09-06;-815.0;500.0;Lateral
2023-09-08;260.0;290.0;Lateral
2023-09-11;-50.0;385.0;Lateral
2023-09-12;740.0;250.0;Compra
2023-09-13;1570.0;195.0;Compra
2023-09-14;430.0;180.0;Lateral
2023-09-15;-310.0;230.0;Lateral
2023-09-18;590.0;320.0;Lateral
2023-09-19;-515.0;35.0;Lateral
2023-09-20;1145.0;65.0;Compra
2023-09-21;-1215.0;15.0;Venda
2023-09-22;35.0;325.0;Lateral
2023-09-25;-10.0;405.0;Lateral
2023-09-26;-535.0;195.0;Lateral
2023-09-27;-230.0;595.0;Lateral
2023-09-28;905.0;305.0;Lateral
2023-09-29;160.0;40.0;Lateral
2023-10-02;-1275.0;295.0;Venda
2023-10-03;-300.0;525.0;Lateral
2023-10-04;-390.0;240.0;Lateral
2023-10-05;-660.0;720.0;Lateral
2023-10-06;-1115.0;110.0;Venda
2023-10-09;395.0;180.0;Lateral
2023-10-10;890.0;155.0;Compra
2023-10-11;-475.0;400.0;Lateral
2023-10-13;450.0;85.0;Lateral
2023-10-16;305.0;305.0;Lateral
2023-10-17;575.0;580.0;Lateral
2023-10-18;-865.0;250.0;Venda
2023-10-19;280.0;95.0;Lateral
2023-10-20;-1065.0;355.0;Lateral
2023-10-23;465.0;505.0;Lateral
2023-10-24;30.0;375.0;Lateral
2023-10-25;-450.0;295.0;Lateral
2023-10-26;1655.0;140.0;Compra
2023-10-27;-465.0;195.0;Lateral
2023-10-30;-550.0;360.0;Lateral
2023-10-31;330.0;835.0;Lateral
2023-11-01;1570.0;310.0;Lateral
2023-11-03;1250.0;50.0;Compra
2023-11-06;-35.0;475.0;Lateral
2023-11-07;960.0;355.0;Lateral
2023-11-08;425.0;110.0;Lateral
2023-11-09;865.0;245.0;Compra
2023-11-10;770.0;235.0;Compra
2023-11-13;-620.0;65.0;Lateral
2023-11-14;2670.0;25.0;Compra
2023-11-16;305.0;350.0;Lateral
2023-11-17;30.0;370.0;Lateral
2023-11-20;350.0;320.0;Lateral
2023-11-21;-295.0;200.0;Lateral
2023-11-22;750.0;0.0;Compra
2023-11-23;830.0;210.0;Compra
2023-11-24;-625.0;10.0;Lateral
2023-11-27;70.0;200.0;Lateral
2023-11-28;770.0;155.0;Compra
2023-11-29;-275.0;485.0;Lateral
2023-11-30;-5.0;755.0;Lateral
2023-12-01;-715.0;160.0;Venda
2023-12-04;-145.0;260.0;Lateral
2023-12-05;145.0;275.0;Lateral
2023-12-06;-555.0;385.0;Lateral
2023-12-07;395.0;105.0;Lateral
2023-12-08;405.0;745.0;Lateral
2023-12-11;-135.0;175.0;Lateral
2023-12-12;-1125.0;180.0;Venda
2023-12-13;215.0;375.0;Lateral
2023-12-14;330.0;220.0;Lateral
2023-12-15;-715.0;660.0;Lateral
2023-12-18;360.0;5.0;Super Compra
2023-12-19;780.0;140.0;Compra
2023-12-20;-60.0;715.0;Lateral
2023-12-21;275.0;105.0;Lateral
2023-12-22;-120.0;395.0;Lateral
2023-12-26;485.0;240.0;Lateral
2023-12-27;30.0;330.0;Lateral
2023-12-28;-85.0;180.0;Lateral
2024-01-02;20.0;655.0;Lateral
2024-01-03;215.0;305.0;Lateral
2024-01-04;-1470.0;65.0;Venda
2024-01-05;860.0;470.0;Lateral
2024-01-08;110.0;535.0;Lateral
2024-01-09;-910.0;5.0;Venda
2024-01-10;-690.0;360.0;Lateral
2024-01-11;-265.0;380.0;Lateral
2024-01-12;940.0;200.0;Compra
2024-01-15;50.0;435.0;Lateral
2024-01-16;-1165.0;65.0;Venda
2024-01-17;200.0;620.0;Lateral
2024-01-18;-860.0;470.0;Lateral
2024-01-19;-1010.0;200.0;Venda
2024-01-22;60.0;770.0;Lateral
2024-01-23;455.0;120.0;Lateral
2024-01-24;-525.0;455.0;Lateral
2024-01-25;515.0;300.0;Lateral
2024-01-26;-15.0;600.0;Lateral
2024-01-29;-820.0;25.0;Venda
2024-01-30;-670.0;440.0;Lateral
2024-01-31;1435.0;65.0;Compra
2024-02-01;-145.0;240.0;Lateral
2024-02-02;-1720.0;245.0;Venda
2024-02-05;200.0;135.0;Lateral
2024-02-06;1915.0;125.0;Compra
2024-02-07;-615.0;0.0;Super Venda
2024-02-08;-970.0;360.0;Lateral
2024-02-09;-195.0;420.0;Lateral
2024-02-15;-110.0;280.0;Lateral
2024-02-16;-95.0;680.0;Lateral
2024-02-19;-20.0;110.0;Lateral
2024-02-20;1235.0;310.0;Lateral
2024-02-21;195.0;60.0;Lateral
2024-02-22;-760.0;50.0;Venda
2024-02-23;-685.0;220.0;Lateral
2024-02-26;310.0;375.0;Lateral
2024-02-27;1125.0;20.0;Compra
2024-02-28;-390.0;180.0;Lateral
2024-02-29;-1370.0;70.0;Venda
2024-03-01;-695.0;345.0;Lateral
2024-03-04;-690.0;195.0;Lateral
2024-03-05;145.0;75.0;Lateral
2024-03-06;125.0;295.0;Lateral
2024-03-07;-1025.0;35.0;Venda
2024-03-08;380.0;400.0;Lateral
2024-03-11;435.0;460.0;Lateral
2024-03-12;370.0;65.0;Lateral
2024-03-13;135.0;460.0;Lateral
2024-03-14;-545.0;30.0;Lateral
2024-03-15;-980.0;130.0;Venda
2024-03-18;-865.0;380.0;Lateral
2024-03-19;820.0;245.0;Compra
2024-03-20;-20.0;480.0;Lateral
2024-03-21;-1015.0;180.0;Venda
2024-03-22;-605.0;25.0;Lateral
2024-03-25;-65.0;210.0;Lateral
2024-03-26;-50.0;235.0;Lateral
2024-03-27;-375.0;40.0;Lateral
2024-03-28;790.0;130.0;Compra
2024-04-01;-845.0;370.0;Lateral
2024-04-02;-265.0;210.0;Lateral
2024-04-03;-650.0;350.0;Lateral
2024-04-04;845.0;200.0;Compra
2024-04-05;-705.0;515.0;Lateral
2024-04-08;1325.0;330.0;Lateral
2024-04-09;500.0;115.0;Lateral
2024-04-10;-1500.0;780.0;Lateral
2024-04-11;-445.0;375.0;Lateral
2024-04-12;-830.0;120.0;Venda
2024-04-15;-565.0;220.0;Lateral
2024-04-16;-685.0;10.0;Lateral
2024-04-17;-765.0;485.0;Lateral
2024-04-18;-95.0;450.0;Lateral
2024-04-19;1610.0;35.0;Compra
2024-04-22;-625.0;20.0;Lateral
2024-04-23;-885.0;15.0;Venda
2024-04-24;-605.0;260.0;Lateral
2024-04-25;-195.0;1340.0;Lateral
2024-04-26;970.0;500.0;Lateral
2024-04-29;335.0;270.0;Lateral
2024-04-30;-865.0;300.0;Lateral
2024-05-02;170.0;295.0;Lateral
2024-05-03;1365.0;605.0;Lateral
2024-05-06;-135.0;70.0;Lateral
2024-05-07;1170.0;70.0;Compra
2024-05-08;230.0;750.0;Lateral
2024-05-09;-830.0;25.0;Venda
2024-05-10;-670.0;425.0;Lateral
2024-05-13;0.0;620.0;Lateral
2024-05-14;1170.0;205.0;Compra
2024-05-15;325.0;620.0;Lateral
2024-05-16;5.0;470.0;Lateral
2024-05-17;-505.0;25.0;Lateral
2024-05-20;-275.0;20.0;Lateral
2024-05-21;-290.0;350.0;Lateral
2024-05-22;-1115.0;40.0;Venda
2024-05-23;-965.0;300.0;Lateral
2024-05-24;-70.0;270.0;Lateral
2024-05-27;-75.0;275.0;Lateral
2024-05-28;-365.0;785.0;Lateral
2024-05-29;-300.0;145.0;Lateral
2024-05-31;-905.0;110.0;Venda
2024-06-03;-315.0;60.0;Lateral
2024-06-04;-270.0;465.0;Lateral
2024-06-05;-245.0;75.0;Lateral
2024-06-06;1020.0;315.0;Lateral
2024-06-07;-815.0;475.0;Lateral
2024-06-10;520.0;180.0;Lateral
2024-06-11;985.0;185.0;Compra
2024-06-12;-1440.0;1230.0;Lateral
2024-06-13;-550.0;430.0;Lateral
2024-06-14;270.0;710.0;Lateral
2024-06-17;-925.0;410.0;Lateral
2024-06-18;845.0;275.0;Compra
2024-06-19;-600.0;105.0;Lateral
2024-06-20;-695.0;125.0;Lateral
2024-06-21;745.0;400.0;Lateral
2024-06-24;1170.0;270.0;Compra
2024-06-25;-150.0;375.0;Lateral
2024-06-26;-950.0;75.0;Venda
2024-06-27;530.0;0.0;Super Compra
2024-06-28;-240.0;285.0;Lateral
2024-07-01;785.0;545.0;Lateral
2024-07-02;820.0;155.0;Compra
2024-07-03;985.0;70.0;Compra
2024-07-04;-550.0;240.0;Lateral
2024-07-05;-445.0;635.0;Lateral
2024-07-08;-705.0;100.0;Venda
2024-07-09;305.0;565.0;Lateral
2024-07-10;-345.0;420.0;Lateral
2024-07-11;835.0;75.0;Compra
2024-07-12;215.0;355.0;Lateral
2024-07-15;220.0;200.0;Lateral
2024-07-16;100.0;145.0;Lateral
2024-07-17;385.0;310.0;Lateral
2024-07-18;-1015.0;240.0;Venda
2024-07-19;-250.0;315.0;Lateral
2024-07-22;445.0;265.0;Lateral
2024-07-23;-705.0;40.0;Venda
2024-07-24;390.0;160.0;Lateral
2024-07-25;-170.0;100.0;Lateral
2024-07-26;15.0;500.0;Lateral
2024-07-29;-910.0;205.0;Venda
2024-07-30;-630.0;145.0;Lateral
2024-07-31;265.0;345.0;Lateral
2024-08-01;675.0;265.0;Lateral
2024-08-02;-645.0;1115.0;Lateral
2024-08-05;790.0;660.0;Lateral
2024-08-06;-525.0;5.0;Super Venda
2024-08-07;270.0;195.0;Lateral
2024-08-08;1195.0;5.0;Compra
2024-08-09;955.0;200.0;Compra
2024-08-12;620.0;95.0;Lateral
2024-08-13;690.0;40.0;Lateral
2024-08-14;390.0;190.0;Lateral
2024-08-15;965.0;55.0;Compra
2024-08-16;205.0;80.0;Lateral
2024-08-19;1085.0;30.0;Compra
2024-08-20;-345.0;255.0;Lateral
2024-08-21;-85.0;495.0;Lateral
2024-08-22;-1085.0;5.0;Venda
2024-08-23;565.0;440.0;Lateral
2024-08-26;475.0;195.0;Lateral
2024-08-27;140.0;290.0;Lateral
2024-08-28;190.0;740.0;Lateral
2024-08-29;-1320.0;110.0;Venda
2024-08-30;-145.0;175.0;Lateral
2024-09-02;-855.0;235.0;Venda
2024-09-03;435.0;95.0;Lateral
2024-09-04;2515.0;125.0;Compra
2024-09-05;-255.0;490.0;Lateral
2024-09-06;-1215.0;980.0;Lateral
2024-09-09;-110.0;300.0;Lateral
2024-09-10;-510.0;405.0;Lateral
2024-09-11;-670.0;410.0;Lateral
2024-09-12;-1485.0;10.0;Venda
2024-09-13;1775.0;155.0;Compra
2024-09-16;125.0;390.0;Lateral
2024-09-17;-1090.0;185.0;Venda
2024-09-18;-980.0;150.0;Venda
2024-09-19;-1100.0;430.0;Lateral
2024-09-20;-1120.0;375.0;Lateral
2024-09-23;30.0;550.0;Lateral
2024-09-24;40.0;160.0;Lateral
2024-09-25;-490.0;475.0;Lateral
2024-09-26;-530.0;700.0;Lateral
2024-09-27;715.0;495.0;Lateral
2024-09-30;-265.0;480.0;Lateral
2024-10-01;1210.0;75.0;Compra
2024-10-02;865.0;75.0;Compra
2024-10-03;-2290.0;65.0;Venda
2024-10-04;-185.0;450.0;Lateral
2024-10-07;740.0;60.0;Compra
2024-10-08;95.0;785.0;Lateral
2024-10-09;-1140.0;75.0;Venda
2024-10-10;150.0;345.0;Lateral
2024-10-11;-430.0;605.0;Lateral
2024-10-14;375.0;680.0;Lateral
2024-10-15;345.0;405.0;Lateral
2024-10-16;490.0;280.0;Lateral
2024-10-17;-630.0;90.0;Lateral
2024-10-18;-915.0;350.0;Lateral
2024-10-21;275.0;130.0;Lateral
2024-10-22;-680.0;85.0;Lateral
2024-10-23;-815.0;20.0;Venda
2024-10-24;-45.0;240.0;Lateral
2024-10-25;-175.0;60.0;Lateral
2024-10-28;1295.0;245.0;Compra
2024-10-29;-105.0;360.0;Lateral
2024-10-30;85.0;365.0;Lateral
2024-10-31;-155.0;395.0;Lateral
2024-11-01;-955.0;170.0;Venda
2024-11-04;1575.0;0.0;Compra
2024-11-05;-535.0;200.0;Lateral
2024-11-06;-235.0;325.0;Lateral
2024-11-07;765.0;255.0;Compra
2024-11-08;-1265.0;240.0;Venda
2024-11-11;-25.0;365.0;Lateral
2024-11-12;335.0;290.0;Lateral
2024-11-13;-720.0;425.0;Lateral
2024-11-14;55.0;715.0;Lateral
2024-11-18;-320.0;445.0;Lateral
2024-11-19;680.0;345.0;Lateral
2024-11-21;-1290.0;265.0;Venda
2024-11-22;595.0;75.0;Lateral
2024-11-25;-420.0;35.0;Lateral
2024-11-26;985.0;140.0;Compra
2024-11-27;-90.0;315.0;Lateral
2024-11-28;-1535.0;0.0;Venda
2024-11-29;-385.0;190.0;Lateral
2024-12-02;-455.0;80.0;Lateral
2024-12-03;60.0;455.0;Lateral
2024-12-04;670.0;355.0;Lateral
2024-12-05;1650.0;370.0;Lateral
2024-12-06;-1195.0;50.0;Venda
2024-12-09;800.0;235.0;Compra
2024-12-10;135.0;400.0;Lateral
2024-12-11;-370.0;765.0;Lateral
2024-12-12;-2940.0;220.0;Venda
2024-12-13;-685.0;245.0;Lateral
2024-12-16;-105.0;210.0;Lateral
2024-12-17;365.0;30.0;Lateral
2024-12-18;-1860.0;275.0;Venda
2024-12-19;-365.0;55.0;Lateral
2024-12-20;240.0;230.0;Lateral
2024-12-23;-960.0;120.0;Venda
2024-12-26;330.0;545.0;Lateral
2024-12-27;-180.0;570.0;Lateral
2024-12-30;265.0;60.0;Lateral
2025-01-02;-780.0;585.0;Lateral
2025-01-03;-735.0;300.0;Lateral
2025-01-06;1310.0;100.0;Compra
2025-01-07;1280.0;145.0;Compra
2025-01-08;-1360.0;150.0;Venda
2025-01-09;70.0;300.0;Lateral
2025-01-10;-1100.0;310.0;Lateral
2025-01-13;505.0;220.0;Lateral
2025-01-14;-675.0;280.0;Lateral
2025-01-15;1330.0;0.0;Compra
2025-01-16;-650.0;270.0;Lateral
2025-01-17;345.0;755.0;Lateral
2025-01-20;855.0;665.0;Lateral
2025-01-21;-195.0;165.0;Lateral
2025-01-22;-295.0;540.0;Lateral
2025-01-23;-60.0;930.0;Lateral
2025-01-24;-420.0;215.0;Lateral
2025-01-27;2050.0;160.0;Compra
2025-01-28;-360.0;355.0;Lateral
2025-01-29;-355.0;675.0;Lateral
2025-01-30;1520.0;205.0;Compra
2025-01-31;305.0;95.0;Lateral
2025-02-03;515.0;250.0;Lateral
2025-02-04;-875.0;35.0;Venda
2025-02-05;-125.0;355.0;Lateral
2025-02-06;-105.0;505.0;Lateral
2025-02-07;-490.0;360.0;Lateral
2025-02-10;560.0;240.0;Lateral
2025-02-11;705.0;185.0;Compra
2025-02-12;-1900.0;310.0;Lateral
2025-02-13;-485.0;100.0;Lateral
2025-02-14;1695.0;25.0;Compra
2025-02-17;1025.0;30.0;Compra
2025-02-18;-295.0;25.0;Lateral
2025-02-19;-790.0;20.0;Venda
2025-02-20;105.0;605.0;Lateral
2025-02-21;-450.0;230.0;Lateral
2025-02-24;-645.0;340.0;Lateral
2025-02-25;895.0;80.0;Compra
2025-02-26;-1135.0;815.0;Lateral
2025-02-27;220.0;250.0;Lateral
2025-02-28;-540.0;255.0;Lateral
2025-03-06;135.0;270.0;Lateral
2025-03-07;625.0;1450.0;Lateral
2025-03-10;-665.0;160.0;Lateral
2025-03-11;-1675.0;65.0;Venda
2025-03-12;-560.0;475.0;Lateral
2025-03-13;1840.0;170.0;Compra
2025-03-14;2085.0;65.0;Compra
2025-03-17;1050.0;195.0;Compra
2025-03-18;295.0;375.0;Lateral
2025-03-19;1125.0;10.0;Compra
2025-03-20;85.0;530.0;Lateral
2025-03-21;300.0;335.0;Lateral
2025-03-24;-735.0;245.0;Venda
2025-03-25;1850.0;110.0;Compra
2025-03-26;110.0;180.0;Lateral
2025-03-27;5.0;440.0;Lateral
2025-03-28;-1560.0;55.0;Venda
2025-03-31;-485.0;235.0;Lateral
2025-04-01;910.0;505.0;Lateral
2025-04-02;-30.0;605.0;Lateral
2025-04-03;1815.0;135.0;Compra
2025-04-04;-2415.0;200.0;Venda
2025-04-07;1540.0;1425.0;Lateral
2025-04-08;-1510.0;680.0;Lateral
2025-04-09;935.0;455.0;Lateral
2025-04-10;-440.0;1100.0;Lateral
2025-04-11;-410.0;595.0;Lateral
2025-04-14;265.0;155.0;Lateral
2025-04-15;-215.0;545.0;Lateral
2025-04-16;-745.0;160.0;Venda
2025-04-17;425.0;585.0;Lateral
2025-04-22;380.0;1200.0;Lateral
2025-04-23;1455.0;15.0;Compra
2025-04-24;715.0;110.0;Compra
2025-04-25;520.0;215.0;Lateral
2025-04-28;915.0;50.0;Compra
2025-04-29;1070.0;120.0;Compra
2025-04-30;-900.0;485.0;Lateral
2025-05-02;-125.0;225.0;Lateral
2025-05-05;-1030.0;485.0;Lateral
2025-05-06;230.0;15.0;Lateral
2025-05-07;-1125.0;500.0;Lateral
2025-05-08;2210.0;20.0;Compra
2025-05-09;-240.0;270.0;Lateral
2025-05-12;-1795.0;5.0;Venda
2025-05-13;1340.0;375.0;Lateral
2025-05-14;-135.0;475.0;Lateral
2025-05-15;540.0;205.0;Lateral
2025-05-16;-1370.0;20.0;Venda
2025-05-19;1225.0;105.0;Compra
2025-05-20;-545.0;155.0;Lateral
2025-05-21;-1215.0;245.0;Venda
2025-05-22;210.0;650.0;Lateral
2025-05-23;1610.0;480.0;Lateral
2025-05-26;-60.0;765.0;Lateral
2025-05-27;985.0;0.0;Compra
2025-05-28;-680.0;285.0;Lateral
2025-05-29;-890.0;0.0;Venda
2025-05-30;-1585.0;445.0;Lateral
2025-06-02;-220.0;1460.0;Lateral
2025-06-03;320.0;680.0;Lateral
2025-06-04;-95.0;900.0;Lateral
2025-06-05;-440.0;240.0;Lateral
2025-06-06;-1010.0;135.0;Venda
2025-06-09;-1570.0;425.0;Lateral
2025-06-10;540.0;280.0;Lateral
2025-06-11;-340.0;395.0;Lateral
2025-06-12;480.0;810.0;Lateral
2025-06-13;-150.0;545.0;Lateral
2025-06-16;2475.0;50.0;Compra
2025-06-17;-835.0;145.0;Venda
2025-06-18;-105.0;135.0;Lateral
2025-06-20;-2080.0;165.0;Venda
2025-06-23;-600.0;250.0;Lateral
2025-06-24;460.0;1220.0;Lateral
2025-06-25;-830.0;85.0;Venda
2025-06-26;720.0;310.0;Lateral
2025-06-27;-575.0;140.0;Lateral
2025-06-30;1040.0;1225.0;Lateral
2025-07-01;435.0;175.0;Lateral
2025-07-02;-1000.0;370.0;Lateral
2025-07-03;1525.0;295.0;Compra
2025-07-04;480.0;260.0;Lateral
2025-07-07;-1125.0;55.0;Venda
2025-07-08;-570.0;225.0;Lateral
2025-07-09;-1550.0;60.0;Venda
2025-07-10;875.0;565.0;Lateral
2025-07-11;-490.0;155.0;Lateral
2025-07-14;-935.0;350.0;Lateral
2025-07-15;-705.0;655.0;Lateral
2025-07-16;-905.0;640.0;Lateral
2025-07-17;720.0;575.0;Lateral
2025-07-18;-755.0;75.0;Venda
2025-07-21;1610.0;100.0;Compra
2025-07-22;940.0;465.0;Lateral
2025-07-23;275.0;1170.0;Lateral
2025-07-24;-1075.0;95.0;Venda
2025-07-25;-155.0;1025.0;Lateral
2025-07-28;-825.0;675.0;Lateral
2025-07-29;325.0;380.0;Lateral
2025-07-30;-715.0;585.0;Lateral
2025-07-31;-870.0;230.0;Venda
2025-08-01;925.0;400.0;Lateral
2025-08-04;365.0;345.0;Lateral
2025-08-05;510.0;160.0;Lateral
2025-08-06;1055.0;20.0;Compra
2025-08-07;1125.0;190.0;Compra
2025-08-08;-290.0;55.0;Lateral
2025-08-11;-190.0;275.0;Lateral
2025-08-12;1610.0;265.0;Compra
2025-08-13;-950.0;315.0;Lateral
2025-08-14;785.0;995.0;Lateral
2025-08-15;-400.0;0.0;Super Venda
2025-08-18;1170.0;340.0;Lateral
2025-08-19;-2760.0;30.0;Venda
2025-08-20;105.0;335.0;Lateral
2025-08-21;-70.0;605.0;Lateral
2025-08-22;2810.0;160.0;Compra
2025-08-25;430.0;110.0;Lateral
2025-08-26;-760.0;210.0;Venda
2025-08-27;-65.0;385.0;Lateral
2025-08-28;2055.0;35.0;Compra
2025-08-29;1345.0;135.0;Compra
2025-09-01;-350.0;345.0;Lateral
2025-09-02;315.0;1035.0;Lateral
2025-09-03;-400.0;115.0;Lateral
2025-09-04;575.0;200.0;Lateral
2025-09-05;950.0;80.0;Compra
2025-09-08;-1475.0;175.0;Venda
2025-09-09;-105.0;545.0;Lateral
2025-09-10;660.0;815.0;Lateral
2025-09-11;1330.0;770.0;Lateral
2025-09-12;-190.0;475.0;Lateral
2025-09-15;985.0;220.0;Compra
2025-09-16;-115.0;640.0;Lateral
2025-09-17;1185.0;285.0;Compra
2025-09-18;-470.0;295.0;Lateral
2025-09-19;350.0;295.0;Lateral
2025-09-22;-1240.0;100.0;Venda
2025-09-23;1495.0;95.0;Compra
2025-09-24;-230.0;300.0;Lateral
2025-09-25;-1085.0;700.0;Lateral
2025-09-26;-240.0;625.0;Lateral
2025-09-29;735.0;15.0;Compra
2025-09-30;-470.0;1035.0;Lateral
2025-10-01;-760.0;920.0;Lateral
2025-10-02;-2135.0;530.0;Lateral
2025-10-03;-550.0;50.0;Lateral
2025-10-06;-475.0;475.0;Lateral
2025-10-07;-1580.0;65.0;Venda
2025-10-08;885.0;60.0;Compra
2025-10-09;-545.0;900.0;Lateral
2025-10-10;-585.0;540.0;Lateral
2025-10-13;515.0;0.0;Super Compra
2025-10-14;1540.0;90.0;Compra
2025-10-15;820.0;1140.0;Lateral
2025-10-16;30.0;1405.0;Lateral
2025-10-17;1060.0;805.0;Lateral
2025-10-20;1235.0;70.0;Compra
2025-10-21;275.0;455.0;Lateral
2025-10-22;485.0;430.0;Lateral
2025-10-23;370.0;50.0;Lateral
2025-10-24;395.0;95.0;Lateral
2025-10-27;-65.0;675.0;Lateral
2025-10-28;535.0;455.0;Lateral
2025-10-29;825.0;650.0;Lateral
2025-10-30;675.0;1100.0;Lateral
2025-10-31;225.0;130.0;Lateral
2025-11-03;685.0;260.0;Lateral
2025-11-04;1095.0;200.0;Compra
2025-11-05;1370.0;335.0;Lateral
2025-11-06;430.0;0.0;Super Compra
2025-11-07;-960.0;115.0;Venda
2025-11-10;-215.0;635.0;Lateral
2025-11-11;2570.0;0.0;Compra
2025-11-12;-1045.0;170.0;Venda
2025-11-13;-415.0;345.0;Lateral
2025-11-14;1660.0;230.0;Compra
2025-11-17;-180.0;85.0;Lateral
2025-11-18;-70.0;505.0;Lateral
2025-11-19;-500.0;80.0;Lateral
2025-11-21;370.0;0.0;Super Compra
2025-11-24;-15.0;585.0;Lateral
2025-11-25;-435.0;875.0;Lateral
2025-11-26;1370.0;85.0;Compra
2025-11-27;-405.0;165.0;Lateral
2025-11-28;510.0;20.0;Lateral
2025-12-01;80.0;1055.0;Lateral
2025-12-02;950.0;280.0;Compra
2025-12-03;-55.0;520.0;Lateral
2025-12-04;1885.0;5.0;Compra
2025-12-05;175.0;460.0;Lateral
2025-12-08;-1465.0;15.0;Venda
2025-12-09;-1225.0;200.0;Venda
2025-12-10;-605.0;980.0;Lateral
2025-12-11;900.0;585.0;Lateral
2025-12-12;1365.0;130.0;Compra
2025-12-15;835.0;230.0;Compra
2025-12-16;-1040.0;100.0;Venda
2025-12-17;-630.0;190.0;Lateral
2025-12-18;135.0;815.0;Lateral
2025-12-19;1315.0;210.0;Compra
2025-12-22;-1545.0;360.0;Lateral
2025-12-23;1600.0;345.0;Lateral
2025-12-26;-160.0;150.0;Lateral
2025-12-29;-630.0;485.0;Lateral
2025-12-30;310.0;360.0;Lateral
2026-01-02;-470.0;1070.0;Lateral
2026-01-05;-255.0;530.0;Lateral
2026-01-06;1520.0;50.0;Compra
2026-01-07;-1785.0;10.0;Venda
2026-01-08;555.0;155.0;Lateral
2026-01-09;945.0;640.0;Lateral
2026-01-12;-265.0;300.0;Lateral
2026-01-13;-1235.0;205.0;Venda
2026-01-14;1330.0;225.0;Compra
2026-01-15;-135.0;805.0;Lateral
2026-01-16;-885.0;570.0;Lateral
2026-01-19;675.0;180.0;Lateral
