datetime;retorno_total;pavio_contra;label
2022-06-13;-25.0;190.0;Lateral
2022-06-14;-895.0;150.0;Venda
2022-06-15;-565.0;45.0;Venda
2022-06-17;-1300.0;25.0;Venda
2022-06-20;1050.0;310.0;Lateral
2022-06-21;-355.0;130.0;Venda
2022-06-22;905.0;175.0;Compra
2022-06-23;380.0;435.0;Lateral
2022-06-24;360.0;5.0;Compra
2022-06-27;680.0;10.0;Compra
2022-06-28;-670.0;150.0;Venda
2022-06-29;-735.0;150.0;Venda
2022-06-30;55.0;585.0;Lateral
2022-07-01;-180.0;300.0;Lateral
2022-07-04;715.0;60.0;Compra
2022-07-05;40.0;135.0;Lateral
2022-07-06;-620.0;160.0;Venda
2022-07-07;-180.0;210.0;Venda
2022-07-08;385.0;270.0;Lateral
2022-07-11;-345.0;35.0;Venda
2022-07-12;770.0;85.0;Compra
2022-07-13;920.0;460.0;Lateral
2022-07-14;-85.0;5.0;Venda
2022-07-15;995.0;5.0;Compra
2022-07-18;125.0;310.0;Lateral
2022-07-19;50.0;290.0;Lateral
2022-07-20;525.0;220.0;Compra
2022-07-21;-35.0;45.0;Lateral
2022-07-22;570.0;200.0;Compra
2022-07-25;-120.0;185.0;Venda
2022-07-26;-325.0;10.0;Venda
2022-07-27;250.0;155.0;Compra
2022-07-28;-25.0;155.0;Lateral
2022-07-29;400.0;80.0;Compra
2022-08-01;535.0;405.0;Lateral
2022-08-02;935.0;500.0;Lateral
2022-08-03;-510.0;5.0;Venda
2022-08-04;55.0;190.0;Compra
2022-08-05;585.0;335.0;Lateral
2022-08-08;-90.0;25.0;Venda
2022-08-09;-380.0;185.0;Venda
2022-08-10;335.0;410.0;Lateral
2022-08-11;-575.0;20.0;Venda
2022-08-12;-245.0;145.0;Venda
2022-08-15;415.0;270.0;Lateral
2022-08-16;-460.0;340.0;Lateral
2022-08-17;20.0;145.0;Lateral
2022-08-18;150.0;205.0;Compra
2022-08-19;-385.0;165.0;Venda
2022-08-22;125.0;300.0;Lateral
2022-08-23;220.0;35.0;Compra
2022-08-24;235.0;80.0;Compra
2022-08-25;-205.0;235.0;Venda
2022-08-26;-695.0;80.0;Venda
2022-08-29;380.0;35.0;Compra
2022-08-30;-185.0;170.0;Venda
2022-08-31;5.0;215.0;Lateral
2022-09-01;-570.0;100.0;Venda
2022-09-02;1450.0;110.0;Compra
2022-09-05;-310.0;25.0;Venda
2022-09-06;250.0;345.0;Lateral
2022-09-08;-695.0;20.0;Venda
2022-09-09;460.0;35.0;Compra
2022-09-12;-595.0;10.0;Venda
2022-09-13;-425.0;495.0;Lateral
2022-09-14;-195.0;65.0;Venda
2022-09-15;-1500.0;90.0;Venda
2022-09-16;340.0;10.0;Compra
2022-09-19;1050.0;215.0;Compra
2022-09-20;235.0;110.0;Compra
2022-09-21;-310.0;340.0;Lateral
2022-09-22;-250.0;240.0;Venda
2022-09-23;-405.0;175.0;Venda
2022-09-26;-650.0;190.0;Venda
2022-09-27;135.0;520.0;Lateral
2022-09-28;190.0;375.0;Lateral
2022-09-29;535.0;585.0;Lateral
2022-09-30;305.0;290.0;Lateral
2022-10-03;1135.0;35.0;Compra
2022-10-04;-115.0;350.0;Lateral
2022-10-05;-485.0;5.0;Venda
2022-10-06;-510.0;15.0;Venda
2022-10-07;-125.0;80.0;Venda
2022-10-10;-255.0;175.0;Venda
2022-10-11;0.0;410.0;Lateral
2022-10-13;50.0;540.0;Lateral
2022-10-14;-820.0;150.0;Venda
2022-10-17;525.0;210.0;Compra
2022-10-18;-525.0;225.0;Venda
2022-10-19;200.0;115.0;Compra
2022-10-20;590.0;65.0;Compra
2022-10-21;265.0;35.0;Compra
2022-10-24;-175.0;25.0;Venda
2022-10-25;130.0;215.0;Compra
2022-10-26;160.0;5.0;Compra
2022-10-27;-425.0;385.0;Lateral
2022-10-28;-540.0;280.0;Lateral
2022-10-31;-390.0;765.0;Lateral
2022-11-01;295.0;790.0;Lateral
2022-11-03;1180.0;425.0;Lateral
2022-11-04;1045.0;440.0;Lateral
2022-11-07;-1890.0;375.0;Lateral
2022-11-08;-265.0;450.0;Lateral
2022-11-09;120.0;270.0;Lateral
2022-11-10;-1410.0;610.0;Lateral
2022-11-11;-200.0;300.0;Lateral
2022-11-14;-495.0;455.0;Lateral
2022-11-16;-545.0;180.0;Venda
2022-11-17;515.0;385.0;Lateral
2022-11-18;-1680.0;185.0;Venda
2022-11-21;-1245.0;70.0;Venda
2022-11-22;-460.0;425.0;Lateral
2022-11-23;225.0;145.0;Compra
2022-11-24;1620.0;125.0;Compra
2022-11-25;-410.0;210.0;Venda
2022-11-28;260.0;365.0;Lateral
2022-11-29;1465.0;140.0;Compra
2022-11-30;545.0;80.0;Compra
2022-12-01;430.0;110.0;Compra
2022-12-02;2625.0;40.0;Compra
2022-12-05;-825.0;65.0;Venda
2022-12-06;355.0;290.0;Lateral
2022-12-07;-115.0;120.0;Venda
2022-12-08;35.0;470.0;Lateral
2022-12-09;630.0;15.0;Compra
2022-12-12;-1205.0;200.0;Venda
2022-12-13;-15.0;640.0;Lateral
2022-12-14;-1015.0;75.0;Venda
2022-12-15;895.0;210.0;Compra
2022-12-16;-175.0;145.0;Venda
2022-12-19;110.0;375.0;Lateral
2022-12-20;810.0;50.0;Compra
2022-12-21;400.0;510.0;Lateral
2022-12-22;-105.0;1040.0;Lateral
2022-12-23;420.0;105.0;Compra
2022-12-26;120.0;405.0;Lateral
2022-12-27;325.0;200.0;Compra
2022-12-28;-15.0;470.0;Lateral
2022-12-29;-450.0;175.0;Venda
2023-01-02;-230.0;130.0;Venda
2023-01-03;275.0;550.0;Lateral
2023-01-04;-105.0;135.0;Venda
2023-01-05;600.0;100.0;Compra
2023-01-06;-1125.0;75.0;Venda
2023-01-09;70.0;240.0;Compra
2023-01-10;630.0;20.0;Compra
2023-01-11;380.0;260.0;Lateral
2023-01-12;-750.0;130.0;Venda
2023-01-13;195.0;450.0;Lateral
2023-01-16;-525.0;50.0;Venda
2023-01-17;455.0;170.0;Compra
2023-01-18;-40.0;410.0;Lateral
2023-01-19;-245.0;390.0;Lateral
2023-01-20;195.0;210.0;Compra
2023-01-23;-175.0;50.0;Venda
2023-01-24;-145.0;735.0;Lateral
2023-01-25;-250.0;170.0;Venda
2023-01-26;-340.0;455.0;Lateral
2023-01-27;-875.0;45.0;Venda
2023-01-30;-480.0;105.0;Venda
2023-01-31;415.0;0.0;Compra
2023-02-01;-500.0;115.0;Venda
2023-02-02;-1155.0;140.0;Venda
2023-02-03;425.0;55.0;Compra
2023-02-06;-180.0;290.0;Lateral
2023-02-07;-310.0;210.0;Venda
2023-02-08;385.0;360.0;Lateral
2023-02-09;-1400.0;60.0;Venda
2023-02-10;-455.0;100.0;Venda
2023-02-13;1450.0;220.0;Compra
2023-02-14;325.0;495.0;Lateral
2023-02-15;765.0;70.0;Compra
2023-02-16;-685.0;195.0;Venda
2023-02-17;-280.0;155.0;Venda
2023-02-23;650.0;30.0;Compra
2023-02-24;-840.0;110.0;Venda
2023-02-27;65.0;385.0;Lateral
2023-02-28;-960.0;130.0;Venda
2023-03-01;-795.0;280.0;Lateral
2023-03-02;-610.0;200.0;Venda
2023-03-03;575.0;210.0;Compra
2023-03-06;240.0;250.0;Lateral
2023-03-07;-405.0;85.0;Venda
2023-03-08;775.0;120.0;Compra
2023-03-09;-280.0;325.0;Lateral
2023-03-10;275.0;425.0;Lateral
2023-03-13;905.0;185.0;Compra
2023-03-14;-335.0;505.0;Lateral
2023-03-15;-75.0;360.0;Lateral
2023-03-16;-270.0;110.0;Venda
2023-03-17;-320.0;145.0;Venda
2023-03-20;170.0;515.0;Lateral
2023-03-21;-155.0;55.0;Venda
2023-03-22;275.0;50.0;Compra
2023-03-23;-745.0;45.0;Venda
2023-03-24;25.0;505.0;Lateral
2023-03-27;215.0;15.0;Compra
2023-03-28;475.0;10.0;Compra
2023-03-29;50.0;180.0;Lateral
2023-03-30;-480.0;55.0;Venda
2023-03-31;-420.0;210.0;Venda
2023-04-03;190.0;195.0;Compra
2023-04-04;145.0;0.0;Compra
2023-04-05;-910.0;230.0;Venda
2023-04-06;195.0;15.0;Compra
2023-04-10;-85.0;110.0;Venda
2023-04-11;430.0;35.0;Compra
2023-04-12;-340.0;280.0;Lateral
2023-04-13;-355.0;160.0;Venda
2023-04-14;-330.0;35.0;Venda
2023-04-17;-520.0;35.0;Venda
2023-04-18;330.0;360.0;Lateral
2023-04-19;455.0;50.0;Compra
2023-04-20;470.0;55.0;Compra
2023-04-24;-50.0;750.0;Lateral
2023-04-25;-130.0;235.0;Venda
2023-04-26;75.0;335.0;Lateral
2023-04-27;-20.0;500.0;Lateral
2023-04-28;665.0;140.0;Compra
2023-05-02;-415.0;85.0;Venda
2023-05-03;325.0;145.0;Compra
2023-05-04;-645.0;35.0;Venda
2023-05-05;280.0;235.0;Compra
2023-05-08;425.0;270.0;Lateral
2023-05-09;250.0;65.0;Compra
2023-05-10;-130.0;295.0;Lateral
2023-05-11;50.0;280.0;Lateral
2023-05-12;-65.0;155.0;Venda
2023-05-15;-145.0;115.0;Venda
2023-05-16;-1095.0;15.0;Venda
2023-05-17;-70.0;265.0;Lateral
2023-05-18;-10.0;495.0;Lateral
2023-05-19;375.0;265.0;Lateral
2023-05-22;160.0;170.0;Compra
2023-05-23;420.0;145.0;Compra
2023-05-24;345.0;30.0;Compra
2023-05-25;225.0;565.0;Lateral
2023-05-26;-505.0;180.0;Venda
2023-05-29;230.0;195.0;Compra
2023-05-30;-640.0;115.0;Venda
2023-05-31;-130.0;295.0;Lateral
2023-06-01;675.0;225.0;Compra
2023-06-02;5.0;280.0;Lateral
2023-06-05;-130.0;190.0;Venda
2023-06-06;510.0;0.0;Compra
2023-06-07;-495.0;190.0;Venda
2023-06-09;675.0;30.0;Compra
2023-06-12;460.0;50.0;Compra
2023-06-13;140.0;445.0;Lateral
2023-06-14;155.0;185.0;Compra
2023-06-15;275.0;55.0;Compra
2023-06-16;135.0;65.0;Compra
2023-06-19;505.0;35.0;Compra
2023-06-20;-630.0;80.0;Venda
2023-06-21;155.0;340.0;Lateral
2023-06-22;-320.0;155.0;Venda
2023-06-23;165.0;380.0;Lateral
2023-06-26;-755.0;45.0;Venda
2023-06-27;-660.0;195.0;Venda
2023-06-28;50.0;250.0;Lateral
2023-06-29;-105.0;85.0;Venda
2023-06-30;-55.0;345.0;Lateral
2023-07-03;295.0;30.0;Compra
2023-07-04;-60.0;440.0;Lateral
2023-07-05;320.0;70.0;Compra
2023-07-06;-710.0;60.0;Venda
2023-07-07;35.0;130.0;Lateral
2023-07-10;105.0;105.0;Compra
2023-07-11;295.0;75.0;Compra
2023-07-12;75.0;210.0;Compra
2023-07-13;-25.0;145.0;Lateral
2023-07-14;-375.0;285.0;Lateral
2023-07-17;-185.0;210.0;Venda
2023-07-18;-315.0;30.0;Venda
2023-07-19;-735.0;35.0;Venda
2023-07-20;5.0;490.0;Lateral
2023-07-21;175.0;95.0;Compra
2023-07-24;1015.0;305.0;Lateral
2023-07-25;-780.0;165.0;Venda
2023-07-26;-120.0;10.0;Venda
2023-07-27;-195.0;5.0;Venda
2023-07-28;-75.0;215.0;Venda
2023-07-31;35.0;190.0;Lateral
2023-08-01;-680.0;220.0;Venda
2023-08-02;-945.0;65.0;Venda
2023-08-03;95.0;400.0;Lateral
2023-08-04;1400.0;40.0;Compra
2023-08-07;-270.0;195.0;Venda
2023-08-08;310.0;135.0;Compra
2023-08-09;-505.0;45.0;Venda
2023-08-10;-465.0;35.0;Venda
2023-08-11;-20.0;365.0;Lateral
2023-08-14;-125.0;270.0;Lateral
2023-08-15;-920.0;10.0;Venda
2023-08-16;695.0;120.0;Compra
2023-08-17;-620.0;230.0;Venda
2023-08-18;210.0;215.0;Compra
2023-08-21;-390.0;115.0;Venda
2023-08-22;165.0;200.0;Compra
2023-08-23;175.0;160.0;Compra
2023-08-24;-800.0;25.0;Venda
2023-08-25;-775.0;210.0;Venda
2023-08-28;-110.0;235.0;Venda
2023-08-29;710.0;25.0;Compra
2023-08-30;-225.0;200.0;Venda
2023-08-31;-415.0;5.0;Venda
2023-09-01;175.0;300.0;Lateral
2023-09-04;-140.0;130.0;Venda
2023-09-05;275.0;75.0;Compra
2023-09-06;-1230.0;10.0;Venda
2023-09-08;155.0;15.0;Compra
2023-09-11;240.0;10.0;Compra
2023-09-12;115.0;85.0;Compra
2023-09-13;395.0;430.0;Lateral
2023-09-14;260.0;350.0;Lateral
2023-09-15;205.0;15.0;Compra
2023-09-18;730.0;140.0;Compra
2023-09-19;90.0;155.0;Compra
2023-09-20;375.0;40.0;Compra
2023-09-21;400.0;40.0;Compra
2023-09-22;60.0;220.0;Compra
2023-09-25;-350.0;65.0;Venda
2023-09-26;50.0;445.0;Lateral
2023-09-27;-355.0;85.0;Venda
2023-09-28;585.0;70.0;Compra
2023-09-29;-215.0;30.0;Venda
2023-10-02;-535.0;190.0;Venda
2023-10-03;-665.0;5.0;Venda
2023-10-04;200.0;280.0;Lateral
2023-10-05;-1290.0;10.0;Venda
2023-10-06;460.0;365.0;Lateral
2023-10-09;105.0;240.0;Compra
2023-10-10;220.0;5.0;Compra
2023-10-11;130.0;35.0;Compra
2023-10-13;-395.0;0.0;Venda
2023-10-16;285.0;325.0;Lateral
2023-10-17;905.0;65.0;Compra
2023-10-18;-470.0;210.0;Venda
2023-10-19;-160.0;200.0;Venda
2023-10-20;-945.0;45.0;Venda
2023-10-23;280.0;135.0;Compra
2023-10-24;-300.0;135.0;Venda
2023-10-25;-140.0;5.0;Venda
2023-10-26;465.0;210.0;Compra
2023-10-27;-100.0;255.0;Lateral
2023-10-30;-355.0;65.0;Venda
2023-10-31;460.0;150.0;Compra
2023-11-01;460.0;10.0;Compra
2023-11-03;-275.0;250.0;Lateral
2023-11-06;-125.0;170.0;Venda
2023-11-07;105.0;390.0;Lateral
2023-11-08;-255.0;350.0;Lateral
2023-11-09;805.0;15.0;Compra
2023-11-10;155.0;115.0;Compra
2023-11-13;-380.0;125.0;Venda
2023-11-14;780.0;115.0;Compra
2023-11-16;-340.0;115.0;Venda
2023-11-17;130.0;205.0;Compra
2023-11-20;320.0;185.0;Compra
2023-11-21;5.0;110.0;Lateral
2023-11-22;-175.0;185.0;Venda
2023-11-23;465.0;55.0;Compra
2023-11-24;350.0;105.0;Compra
2023-11-27;40.0;230.0;Lateral
2023-11-28;625.0;300.0;Lateral
2023-11-29;125.0;155.0;Compra
2023-11-30;-535.0;10.0;Venda
2023-12-01;-5.0;95.0;Lateral
2023-12-04;-85.0;320.0;Lateral
2023-12-05;-410.0;50.0;Venda
2023-12-06;-220.0;255.0;Lateral
2023-12-07;-390.0;115.0;Venda
2023-12-08;775.0;375.0;Lateral
2023-12-11;-135.0;110.0;Venda
2023-12-12;-495.0;225.0;Venda
2023-12-13;-275.0;130.0;Venda
2023-12-14;-30.0;335.0;Lateral
2023-12-15;-870.0;25.0;Venda
2023-12-18;5.0;275.0;Lateral
2023-12-19;45.0;140.0;Lateral
2023-12-20;-730.0;15.0;Venda
2023-12-21;-75.0;460.0;Lateral
2023-12-22;-295.0;85.0;Venda
2023-12-26;5.0;290.0;Lateral
2023-12-27;135.0;110.0;Compra
2023-12-28;75.0;165.0;Compra
2024-01-02;395.0;55.0;Compra
2024-01-03;365.0;15.0;Compra
2024-01-04;-395.0;20.0;Venda
2024-01-05;155.0;345.0;Lateral
2024-01-08;370.0;60.0;Compra
2024-01-09;-430.0;65.0;Venda
2024-01-10;-405.0;50.0;Venda
2024-01-11;150.0;80.0;Compra
2024-01-12;125.0;145.0;Compra
2024-01-15;65.0;150.0;Compra
2024-01-16;-490.0;295.0;Lateral
2024-01-17;140.0;135.0;Compra
2024-01-18;-230.0;255.0;Lateral
2024-01-19;-615.0;10.0;Venda
2024-01-22;95.0;735.0;Lateral
2024-01-23;-220.0;95.0;Venda
2024-01-24;-740.0;140.0;Venda
2024-01-25;410.0;225.0;Compra
2024-01-26;330.0;370.0;Lateral
2024-01-29;-580.0;80.0;Venda
2024-01-30;-55.0;95.0;Venda
2024-01-31;260.0;115.0;Compra
2024-02-01;40.0;210.0;Lateral
2024-02-02;-230.0;220.0;Venda
2024-02-05;-470.0;85.0;Venda
2024-02-06;225.0;380.0;Lateral
2024-02-07;110.0;280.0;Lateral
2024-02-08;-980.0;35.0;Venda
2024-02-09;-395.0;30.0;Venda
2024-02-15;75.0;295.0;Lateral
2024-02-16;40.0;70.0;Lateral
2024-02-19;190.0;135.0;Compra
2024-02-20;505.0;45.0;Compra
2024-02-21;125.0;55.0;Compra
2024-02-22;-240.0;110.0;Venda
2024-02-23;-510.0;0.0;Venda
2024-02-26;-185.0;25.0;Venda
2024-02-27;240.0;105.0;Compra
2024-02-28;-305.0;35.0;Venda
2024-02-29;-195.0;95.0;Venda
2024-03-01;-505.0;240.0;Venda
2024-03-04;-600.0;40.0;Venda
2024-03-05;0.0;90.0;Lateral
2024-03-06;-195.0;65.0;Venda
2024-03-07;-585.0;45.0;Venda
2024-03-08;115.0;130.0;Compra
2024-03-11;605.0;65.0;Compra
2024-03-12;140.0;295.0;Lateral
2024-03-13;-350.0;85.0;Venda
2024-03-14;340.0;40.0;Compra
2024-03-15;-380.0;40.0;Venda
2024-03-18;-460.0;185.0;Venda
2024-03-19;395.0;185.0;Compra
2024-03-20;-350.0;20.0;Venda
2024-03-21;-145.0;5.0;Venda
2024-03-22;-165.0;145.0;Venda
2024-03-25;-55.0;220.0;Venda
2024-03-26;-45.0;240.0;Lateral
2024-03-27;175.0;420.0;Lateral
2024-03-28;200.0;30.0;Compra
2024-04-01;-525.0;10.0;Venda
2024-04-02;-210.0;225.0;Venda
2024-04-03;80.0;265.0;Lateral
2024-04-04;-650.0;345.0;Lateral
2024-04-05;-250.0;95.0;Venda
2024-04-08;200.0;245.0;Compra
2024-04-09;5.0;360.0;Lateral
2024-04-10;-240.0;80.0;Venda
2024-04-11;-140.0;30.0;Venda
2024-04-12;-635.0;220.0;Venda
2024-04-15;-240.0;110.0;Venda
2024-04-16;360.0;80.0;Compra
2024-04-17;-210.0;105.0;Venda
2024-04-18;-295.0;250.0;Lateral
2024-04-19;260.0;305.0;Lateral
2024-04-22;295.0;75.0;Compra
2024-04-23;-125.0;220.0;Venda
2024-04-24;-50.0;255.0;Lateral
2024-04-25;460.0;45.0;Compra
2024-04-26;15.0;165.0;Lateral
2024-04-29;105.0;195.0;Compra
2024-04-30;-405.0;150.0;Venda
2024-05-02;25.0;440.0;Lateral
2024-05-03;110.0;155.0;Compra
2024-05-06;-35.0;135.0;Lateral
2024-05-07;470.0;110.0;Compra
2024-05-08;-65.0;205.0;Venda
2024-05-09;295.0;90.0;Compra
2024-05-10;-470.0;75.0;Venda
2024-05-13;-405.0;45.0;Venda
2024-05-14;395.0;75.0;Compra
2024-05-15;290.0;410.0;Lateral
2024-05-16;385.0;90.0;Compra
2024-05-17;285.0;15.0;Compra
2024-05-20;660.0;75.0;Compra
2024-05-21;-15.0;435.0;Lateral
2024-05-22;-280.0;40.0;Venda
2024-05-23;-425.0;80.0;Venda
2024-05-24;175.0;30.0;Compra
2024-05-27;-15.0;110.0;Lateral
2024-05-28;-155.0;70.0;Venda
2024-05-29;190.0;85.0;Compra
2024-05-31;-345.0;125.0;Venda
2024-06-03;640.0;175.0;Compra
2024-06-04;-70.0;260.0;Lateral
2024-06-05;95.0;510.0;Lateral
2024-06-06;215.0;340.0;Lateral
2024-06-07;150.0;55.0;Compra
2024-06-10;145.0;75.0;Compra
2024-06-11;355.0;20.0;Compra
2024-06-12;40.0;315.0;Lateral
2024-06-13;-225.0;140.0;Venda
2024-06-14;810.0;160.0;Compra
2024-06-17;-235.0;15.0;Venda
2024-06-18;-385.0;55.0;Venda
2024-06-19;195.0;55.0;Compra
2024-06-20;-645.0;115.0;Venda
2024-06-21;-110.0;170.0;Venda
2024-06-24;-100.0;85.0;Venda
2024-06-25;-120.0;140.0;Venda
2024-06-26;80.0;40.0;Compra
2024-06-27;-665.0;100.0;Venda
2024-06-28;715.0;180.0;Compra
2024-07-01;225.0;495.0;Lateral
2024-07-02;-300.0;130.0;Venda
2024-07-03;245.0;0.0;Compra
2024-07-04;-165.0;200.0;Venda
2024-07-05;75.0;170.0;Compra
2024-07-08;-630.0;155.0;Venda
2024-07-09;215.0;230.0;Compra
2024-07-10;20.0;160.0;Lateral
2024-07-11;35.0;335.0;Lateral
2024-07-12;25.0;130.0;Lateral
2024-07-15;175.0;125.0;Compra
2024-07-16;45.0;200.0;Lateral
2024-07-17;130.0;335.0;Lateral
2024-07-18;-400.0;75.0;Venda
2024-07-19;-210.0;225.0;Venda
2024-07-22;555.0;80.0;Compra
2024-07-23;-15.0;220.0;Lateral
2024-07-24;355.0;75.0;Compra
2024-07-25;130.0;145.0;Compra
2024-07-26;285.0;70.0;Compra
2024-07-29;-290.0;60.0;Venda
2024-07-30;30.0;185.0;Lateral
2024-07-31;50.0;30.0;Lateral
2024-08-01;-385.0;285.0;Lateral
2024-08-02;-540.0;275.0;Lateral
2024-08-05;280.0;320.0;Lateral
2024-08-06;-285.0;185.0;Venda
2024-08-07;-395.0;0.0;Venda
2024-08-08;225.0;45.0;Compra
2024-08-09;460.0;170.0;Compra
2024-08-12;260.0;55.0;Compra
2024-08-13;40.0;170.0;Lateral
2024-08-14;90.0;130.0;Compra
2024-08-15;260.0;95.0;Compra
2024-08-16;-465.0;80.0;Venda
2024-08-19;145.0;55.0;Compra
2024-08-20;0.0;300.0;Lateral
2024-08-21;-335.0;75.0;Venda
2024-08-22;-80.0;160.0;Venda
2024-08-23;840.0;50.0;Compra
2024-08-26;-105.0;245.0;Venda
2024-08-27;220.0;135.0;Compra
2024-08-28;610.0;30.0;Compra
2024-08-29;-410.0;55.0;Venda
2024-08-30;675.0;50.0;Compra
2024-09-02;75.0;195.0;Compra
2024-09-03;60.0;275.0;Lateral
2024-09-04;755.0;160.0;Compra
2024-09-05;-165.0;180.0;Venda
2024-09-06;-830.0;130.0;Venda
2024-09-09;-35.0;170.0;Lateral
2024-09-10;-40.0;165.0;Lateral
2024-09-11;-365.0;345.0;Lateral
2024-09-12;-365.0;160.0;Venda
2024-09-13;155.0;340.0;Lateral
2024-09-16;-295.0;95.0;Venda
2024-09-17;65.0;45.0;Compra
2024-09-18;-330.0;205.0;Venda
2024-09-19;-295.0;155.0;Venda
2024-09-20;-625.0;25.0;Venda
2024-09-23;220.0;360.0;Lateral
2024-09-24;-855.0;35.0;Venda
2024-09-25;-115.0;175.0;Venda
2024-09-26;-435.0;190.0;Venda
2024-09-27;255.0;150.0;Compra
2024-09-30;350.0;150.0;Compra
2024-10-01;660.0;185.0;Compra
2024-10-02;-435.0;460.0;Lateral
2024-10-03;-695.0;80.0;Venda
2024-10-04;-10.0;335.0;Lateral
2024-10-07;-165.0;535.0;Lateral
2024-10-08;-55.0;40.0;Venda
2024-10-09;-30.0;5.0;Lateral
2024-10-10;155.0;30.0;Compra
2024-10-11;400.0;70.0;Compra
2024-10-14;460.0;275.0;Lateral
2024-10-15;590.0;75.0;Compra
2024-10-16;650.0;95.0;Compra
2024-10-17;200.0;60.0;Compra
2024-10-18;150.0;285.0;Lateral
2024-10-21;-240.0;190.0;Venda
2024-10-22;190.0;220.0;Compra
2024-10-23;-460.0;50.0;Venda
2024-10-24;320.0;310.0;Lateral
2024-10-25;280.0;110.0;Compra
2024-10-28;20.0;260.0;Lateral
2024-10-29;-45.0;165.0;Lateral
2024-10-30;-270.0;60.0;Venda
2024-10-31;-180.0;370.0;Lateral
2024-11-01;-380.0;65.0;Venda
2024-11-04;450.0;35.0;Compra
2024-11-05;-240.0;265.0;Lateral
2024-11-06;-435.0;125.0;Venda
2024-11-07;-640.0;110.0;Venda
2024-11-08;-445.0;160.0;Venda
2024-11-11;-250.0;80.0;Venda
2024-11-12;350.0;105.0;Compra
2024-11-13;-565.0;210.0;Venda
2024-11-14;150.0;95.0;Compra
2024-11-18;-65.0;655.0;Lateral
2024-11-19;305.0;35.0;Compra
2024-11-21;-140.0;235.0;Venda
2024-11-22;280.0;45.0;Compra
2024-11-25;130.0;150.0;Compra
2024-11-26;85.0;320.0;Lateral
2024-11-27;240.0;130.0;Compra
2024-11-28;-440.0;70.0;Venda
2024-11-29;535.0;320.0;Lateral
2024-12-02;290.0;280.0;Lateral
2024-12-03;-140.0;80.0;Venda
2024-12-04;400.0;85.0;Compra
2024-12-05;260.0;165.0;Compra
2024-12-06;-885.0;25.0;Venda
2024-12-09;205.0;55.0;Compra
2024-12-10;85.0;200.0;Compra
2024-12-11;-445.0;280.0;Lateral
2024-12-12;-295.0;5.0;Venda
2024-12-13;-300.0;175.0;Venda
2024-12-16;-80.0;40.0;Venda
2024-12-17;-585.0;60.0;Venda
2024-12-18;-670.0;180.0;Venda
2024-12-19;155.0;260.0;Lateral
2024-12-20;315.0;10.0;Compra
2024-12-23;-455.0;210.0;Venda
2024-12-26;415.0;85.0;Compra
2024-12-27;255.0;5.0;Compra
2024-12-30;-265.0;205.0;Venda
2025-01-02;405.0;305.0;Lateral
2025-01-03;-460.0;15.0;Venda
2025-01-06;260.0;430.0;Lateral
2025-01-07;170.0;105.0;Compra
2025-01-08;-175.0;190.0;Venda
2025-01-09;70.0;265.0;Lateral
2025-01-10;-225.0;160.0;Venda
2025-01-13;450.0;225.0;Compra
2025-01-14;-545.0;5.0;Venda
2025-01-15;-310.0;85.0;Venda
2025-01-16;-230.0;270.0;Lateral
2025-01-17;975.0;80.0;Compra
2025-01-20;890.0;90.0;Compra
2025-01-21;-190.0;85.0;Venda
2025-01-22;-130.0;350.0;Lateral
2025-01-23;-655.0;110.0;Venda
2025-01-24;-495.0;30.0;Venda
2025-01-27;160.0;85.0;Compra
2025-01-28;5.0;45.0;Lateral
2025-01-29;115.0;275.0;Lateral
2025-01-30;610.0;190.0;Compra
2025-01-31;-160.0;240.0;Venda
2025-02-03;55.0;110.0;Compra
2025-02-04;495.0;135.0;Compra
2025-02-05;-5.0;145.0;Lateral
2025-02-06;70.0;270.0;Lateral
2025-02-07;-640.0;40.0;Venda
2025-02-10;-605.0;20.0;Venda
2025-02-11;-115.0;430.0;Lateral
2025-02-12;110.0;170.0;Compra
2025-02-13;-45.0;85.0;Lateral
2025-02-14;365.0;80.0;Compra
2025-02-17;335.0;90.0;Compra
2025-02-18;160.0;205.0;Compra
2025-02-19;-290.0;60.0;Venda
2025-02-20;380.0;120.0;Compra
2025-02-21;-375.0;20.0;Venda
2025-02-24;-215.0;260.0;Lateral
2025-02-25;475.0;95.0;Compra
2025-02-26;-370.0;220.0;Venda
2025-02-27;0.0;210.0;Lateral
2025-02-28;-400.0;150.0;Venda
2025-03-06;-80.0;240.0;Venda
2025-03-07;1235.0;60.0;Compra
2025-03-10;15.0;475.0;Lateral
2025-03-11;-495.0;140.0;Venda
2025-03-12;-370.0;25.0;Venda
2025-03-13;1575.0;50.0;Compra
2025-03-14;1210.0;230.0;Compra
2025-03-17;560.0;50.0;Compra
2025-03-18;155.0;35.0;Compra
2025-03-19;275.0;25.0;Compra
2025-03-20;50.0;395.0;Lateral
2025-03-21;-20.0;465.0;Lateral
2025-03-24;195.0;120.0;Compra
2025-03-25;520.0;65.0;Compra
2025-03-26;-145.0;400.0;Lateral
2025-03-27;-105.0;210.0;Venda
2025-03-28;-1080.0;5.0;Venda
2025-03-31;80.0;95.0;Compra
2025-04-01;660.0;260.0;Lateral
2025-04-02;375.0;235.0;Compra
2025-04-03;-395.0;580.0;Lateral
2025-04-04;-730.0;5.0;Venda
2025-04-07;1660.0;160.0;Compra
2025-04-08;-1195.0;490.0;Lateral
2025-04-09;-525.0;565.0;Lateral
2025-04-10;-140.0;520.0;Lateral
2025-04-11;-325.0;305.0;Lateral
2025-04-14;-265.0;460.0;Lateral
2025-04-15;-510.0;250.0;Lateral
2025-04-16;-270.0;435.0;Lateral
2025-04-17;130.0;295.0;Lateral
2025-04-22;990.0;150.0;Compra
2025-04-23;170.0;410.0;Lateral
2025-04-24;310.0;240.0;Compra
2025-04-25;585.0;50.0;Compra
2025-04-28;270.0;65.0;Compra
2025-04-29;700.0;135.0;Compra
2025-04-30;-350.0;185.0;Venda
2025-05-02;295.0;440.0;Lateral
2025-05-05;-445.0;65.0;Venda
2025-05-06;-175.0;385.0;Lateral
2025-05-07;-55.0;150.0;Venda
2025-05-08;-170.0;20.0;Venda
2025-05-09;-245.0;265.0;Lateral
2025-05-12;-35.0;395.0;Lateral
2025-05-13;595.0;75.0;Compra
2025-05-14;-295.0;125.0;Venda
2025-05-15;-80.0;545.0;Lateral
2025-05-16;-505.0;15.0;Venda
2025-05-19;220.0;215.0;Compra
2025-05-20;-10.0;185.0;Lateral
2025-05-21;-650.0;75.0;Venda
2025-05-22;510.0;60.0;Compra
2025-05-23;1060.0;0.0;Compra
2025-05-26;-355.0;85.0;Venda
2025-05-27;315.0;60.0;Compra
2025-05-28;10.0;380.0;Lateral
2025-05-29;515.0;65.0;Compra
2025-05-30;-205.0;65.0;Venda
2025-06-02;-240.0;120.0;Venda
2025-06-03;775.0;225.0;Compra
2025-06-04;-470.0;525.0;Lateral
2025-06-05;-190.0;35.0;Venda
2025-06-06;-910.0;150.0;Venda
2025-06-09;635.0;30.0;Compra
2025-06-10;30.0;145.0;Lateral
2025-06-11;-235.0;500.0;Lateral
2025-06-12;190.0;45.0;Compra
2025-06-13;-105.0;155.0;Venda
2025-06-16;500.0;190.0;Compra
2025-06-17;-540.0;70.0;Venda
2025-06-18;465.0;5.0;Compra
2025-06-20;-720.0;170.0;Venda
2025-06-23;130.0;170.0;Compra
2025-06-24;1065.0;30.0;Compra
2025-06-25;-35.0;325.0;Lateral
2025-06-26;455.0;100.0;Compra
2025-06-27;-75.0;315.0;Lateral
2025-06-30;110.0;245.0;Compra
2025-07-01;5.0;255.0;Lateral
2025-07-02;140.0;290.0;Lateral
2025-07-03;-300.0;310.0;Lateral
2025-07-04;180.0;5.0;Compra
2025-07-07;-355.0;15.0;Venda
2025-07-08;-50.0;185.0;Lateral
2025-07-09;-315.0;155.0;Venda
2025-07-10;230.0;235.0;Compra
2025-07-11;285.0;175.0;Compra
2025-07-14;-575.0;15.0;Venda
2025-07-15;-155.0;85.0;Venda
2025-07-16;-360.0;280.0;Lateral
2025-07-17;495.0;190.0;Compra
2025-07-18;-250.0;320.0;Lateral
2025-07-21;460.0;170.0;Compra
2025-07-22;135.0;210.0;Compra
2025-07-23;455.0;15.0;Compra
2025-07-24;415.0;65.0;Compra
2025-07-25;-90.0;410.0;Lateral
2025-07-28;130.0;170.0;Compra
2025-07-29;370.0;35.0;Compra
2025-07-30;-550.0;150.0;Venda
2025-07-31;-240.0;145.0;Venda
2025-08-01;-65.0;490.0;Lateral
2025-08-04;260.0;60.0;Compra
2025-08-05;-815.0;185.0;Venda
2025-08-06;-595.0;15.0;Venda
2025-08-07;130.0;350.0;Lateral
2025-08-08;565.0;55.0;Compra
2025-08-11;165.0;225.0;Compra
2025-08-12;245.0;140.0;Compra
2025-08-13;-165.0;160.0;Venda
2025-08-14;930.0;100.0;Compra
2025-08-15;-45.0;240.0;Lateral
2025-08-18;935.0;0.0;Compra
2025-08-19;-510.0;30.0;Venda
2025-08-20;-235.0;175.0;Venda
2025-08-21;-70.0;230.0;Venda
2025-08-22;1870.0;0.0;Compra
2025-08-25;315.0;225.0;Compra
2025-08-26;-635.0;30.0;Venda
2025-08-27;80.0;195.0;Compra
2025-08-28;525.0;15.0;Compra
2025-08-29;350.0;60.0;Compra
2025-09-01;-400.0;95.0;Venda
2025-09-02;185.0;80.0;Compra
2025-09-03;405.0;45.0;Compra
2025-09-04;110.0;330.0;Lateral
2025-09-05;-1120.0;155.0;Venda
2025-09-08;-475.0;55.0;Venda
2025-09-09;150.0;65.0;Compra
2025-09-10;-15.0;465.0;Lateral
2025-09-11;610.0;40.0;Compra
2025-09-12;-510.0;155.0;Venda
2025-09-15;390.0;440.0;Lateral
2025-09-16;-15.0;175.0;Lateral
2025-09-17;-190.0;35.0;Venda
2025-09-18;120.0;40.0;Compra
2025-09-19;70.0;165.0;Compra
2025-09-22;-635.0;15.0;Venda
2025-09-23;580.0;120.0;Compra
2025-09-24;-130.0;375.0;Lateral
2025-09-25;70.0;355.0;Lateral
2025-09-26;-75.0;350.0;Lateral
2025-09-29;-325.0;90.0;Venda
2025-09-30;-875.0;20.0;Venda
2025-10-01;-695.0;55.0;Venda
2025-10-02;-1415.0;0.0;Venda
2025-10-03;-180.0;195.0;Venda
2025-10-06;-15.0;175.0;Lateral
2025-10-07;-235.0;50.0;Venda
2025-10-08;350.0;80.0;Compra
2025-10-09;-155.0;150.0;Venda
2025-10-10;-225.0;475.0;Lateral
2025-10-13;-55.0;195.0;Venda
2025-10-14;150.0;145.0;Compra
2025-10-15;380.0;120.0;Compra
2025-10-16;610.0;250.0;Lateral
2025-10-17;155.0;260.0;Lateral
2025-10-20;400.0;5.0;Compra
2025-10-21;220.0;340.0;Lateral
2025-10-22;310.0;105.0;Compra
2025-10-23;-60.0;185.0;Venda
2025-10-24;-460.0;20.0;Venda
2025-10-27;150.0;320.0;Lateral
2025-10-28;185.0;25.0;Compra
2025-10-29;245.0;95.0;Compra
2025-10-30;440.0;170.0;Compra
2025-10-31;265.0;80.0;Compra
2025-11-03;315.0;275.0;Lateral
2025-11-04;400.0;205.0;Compra
2025-11-05;795.0;150.0;Compra
2025-11-06;-545.0;25.0;Venda
2025-11-07;-230.0;75.0;Venda
2025-11-10;-750.0;95.0;Venda
2025-11-11;860.0;30.0;Compra
2025-11-12;-595.0;285.0;Lateral
2025-11-13;50.0;260.0;Lateral
2025-11-14;1020.0;320.0;Lateral
2025-11-17;500.0;140.0;Compra
2025-11-18;-230.0;195.0;Venda
2025-11-19;435.0;180.0;Compra
2025-11-21;-770.0;95.0;Venda
2025-11-24;535.0;70.0;Compra
2025-11-25;-165.0;135.0;Venda
2025-11-26;-50.0;250.0;Lateral
2025-11-27;-130.0;95.0;Venda
2025-11-28;185.0;305.0;Lateral
2025-12-01;645.0;380.0;Lateral
2025-12-02;35.0;290.0;Lateral
2025-12-03;-100.0;270.0;Lateral
2025-12-04;120.0;45.0;Compra
2025-12-05;280.0;355.0;Lateral
2025-12-08;-875.0;230.0;Venda
2025-12-09;595.0;245.0;Compra
2025-12-10;-135.0;225.0;Venda
2025-12-11;725.0;100.0;Compra
2025-12-12;-450.0;20.0;Venda
2025-12-15;175.0;90.0;Compra
2025-12-16;-495.0;145.0;Venda
2025-12-17;1045.0;55.0;Compra
2025-12-18;285.0;275.0;Lateral
2025-12-19;475.0;400.0;Lateral
2025-12-22;-485.0;335.0;Lateral
2025-12-23;455.0;420.0;Lateral
2025-12-26;580.0;70.0;Compra
2025-12-29;5.0;210.0;Lateral
2025-12-30;-170.0;525.0;Lateral
2026-01-02;45.0;280.0;Lateral
2026-01-05;-390.0;315.0;Lateral
2026-01-06;25.0;460.0;Lateral
2026-01-07;-560.0;40.0;Venda
2026-01-08;90.0;185.0;Compra
2026-01-09;235.0;435.0;Lateral
2026-01-12;525.0;425.0;Lateral
2026-01-13;-55.0;690.0;Lateral
2026-01-14;365.0;1190.0;Lateral
2026-01-15;-255.0;60.0;Venda
2026-01-16;-175.0;110.0;Venda
2026-01-19;195.0;335.0;Lateral
