datetime;label;cluster;retorno_total;pavio_contra
2021-02-22;Lateral;0;0.0038738979428266096;0.004898031881734793
2021-02-23;Lateral;1;-0.005246589716684155;0.001049317943336831
2021-02-24;Lateral;1;-0.0035083160083160085;0.0012993762993762994
2021-02-25;Lateral;1;0.0017206521271561923;0.002365896674839764
2021-02-26;Lateral;2;-0.010262960842179447;0.0012773642249922917
2021-03-01;Lateral;1;0.0013526918567950221;0.003967896113265398
2021-03-02;Indefinido;-1;0.0011530301632690712;0.006410847707776036
2021-03-03;Indefinido;-1;-0.014396256973186972;0.0017545438186071622
2021-03-04;Lateral;1;0.0011032656663724624;0.000970873786407767
2021-03-05;Lateral;1;0.0032443333771756764;0.0006576351440220965
2021-03-08;Lateral;3;-0.0025015360308961645;0.004739752479592733
2021-03-09;Lateral;1;-9.03342366757001e-05;0.004697380307136405
2021-03-10;Lateral;1;0.0018294587479362812;0.0034358127705144794
2021-03-11;Lateral;1;-0.003977620421365504;0.0017921146953405018
2021-03-12;Lateral;1;-0.0017530788447210413;0.001139501249068677
2021-03-15;Lateral;1;0.003541602903239911;0.0008744698526518298
2021-03-16;Lateral;1;0.001878303411523173;0.00104835539247805
2021-03-17;Lateral;1;0.00315955766192733;4.388274530454625e-05
2021-03-18;Lateral;1;0.002027347625415175;0.002070482681275072
2021-03-19;Lateral;1;-0.00038915553249448695;0.0022484541877459247
2021-03-22;Lateral;1;-0.004486062717770035;0.0002613240418118467
2021-03-23;Lateral;0;0.004105162022884095;0.0051969604332256095
2021-03-24;Lateral;1;0.0012280163150739003;0.0033770448664532256
2021-03-25;Lateral;3;-0.0030300329738882454;0.004767846003030033
2021-03-26;Lateral;1;-0.0018226002430133657;0.002690505120638778
2021-03-29;Indefinido;-1;-0.00569441425777005;0.0035209737013692675
2021-03-30;Lateral;1;0.0023259820813232254;0.0007753273604410751
2021-03-31;Lateral;1;0.00441359214980503;0.00132836268586365
2021-04-01;Lateral;1;-0.002795338235926547;0.0010751300907409797
2021-04-05;Lateral;1;0.0025687130747495505;0.0003424950766332734
2021-04-06;Lateral;1;0.0038683897296378166;0.0037408603978915152
2021-04-07;Lateral;1;-0.0030098774852685573;0.0011869939378523888
2021-04-08;Lateral;1;-0.002501696065128901;0.00021200814111261874
2021-04-09;Lateral;1;0.0032685287375838357;0.000976313778758808
2021-04-12;Lateral;1;0.001437206746417551;0.0004227078665933973
2021-04-13;Lateral;1;0.002071268546307647;0.0019867269729889675
2021-04-14;Lateral;1;0.0027364318587006094;0.0004560719764501016
2021-04-15;Lateral;1;-0.005180708030097446;0.0003289338431807903
2021-04-16;Lateral;1;0.003479413470300721;0.0007455886007787259
2021-04-19;Lateral;1;0.0015233860342555995;0.0028820816864295125
2021-04-20;Lateral;1;0.0006615670870374199;0.0011990903452553236
2021-04-22;Lateral;1;0.002743598270701696;0.002244762221483206
2021-04-23;Lateral;1;-0.003308245802663138;0.0014473575386651227
2021-04-26;Lateral;1;-0.001029484434195355;0.00016471750947125678
2021-04-27;Lateral;1;-0.005396943105508178;0.0014419313640670704
2021-04-28;Lateral;1;0.0014917333112335807;0.0009116148013094104
2021-04-29;Lateral;1;-0.004043571546459812;4.1260934147549104e-05
2021-04-30;Lateral;1;-0.004655803126039242;0.00016627868307283005
2021-05-03;Lateral;1;0.005194587574881656;0.001298646893720414
2021-05-04;Lateral;1;-0.0028223598298159147;0.0016428661695943383
2021-05-05;Lateral;1;0.0057075709249622296;0.0014268927312405574
2021-05-06;Lateral;1;-0.0002087246921310791;0.00029221456898351076
2021-05-07;Lateral;1;0.0012781923885704862;8.246402506906362e-05
2021-05-10;Lateral;1;-0.0011840601012575536;0.00057161522129675
2021-05-11;Lateral;1;-8.203445447087777e-05;0.0008613617719442166
2021-05-12;Lateral;1;-0.003865608422091541;4.1123493852037666e-05
2021-05-13;Lateral;1;-0.0014013683950210205;0.002184486027532767
2021-05-14;Lateral;1;-0.00176034715683465;0.0019650386866991443
2021-05-17;Lateral;1;0.0024533856722276743;0.0014720314033366045
2021-05-18;Lateral;1;0.00032546786004882016;0.001545972335231896
2021-05-19;Lateral;1;-0.0011413198548893327;0.0005706599274446664
2021-05-20;Lateral;1;0.0014674112420005707;0.001100558431500428
2021-05-21;Lateral;1;-0.002201924645245474;0.00032621105855488503
2021-05-24;Lateral;1;-0.004524155760219745;0.00036354823073194375
2021-05-25;Lateral;1;-0.002010454362685967;0.0009650180940892642
2021-05-26;Lateral;1;0.0011268512556342563;0.0014890534449452672
2021-05-27;Lateral;1;-0.002410219329959026;0.001205109664979513
2021-05-28;Lateral;1;0.001842948717948718;0.0014022435897435897
2021-05-31;Lateral;1;-3.9685689340423844e-05;0.0011111993015318676
2021-06-01;Lateral;1;0.001954728488212987;0.00019547284882129873
2021-06-02;Lateral;1;0.001048625135932888;0.0004272176479726581
2021-06-04;Lateral;1;-0.004655457658420222;0.00026932399676811203
2021-06-07;Lateral;1;0.004048114735137636;0.0010023903153674146
2021-06-08;Lateral;1;0.0031133489641388323;0.0001921820348233847
2021-06-09;Lateral;1;-0.0004995772807624318;0.0014603028206901852
2021-06-10;Lateral;1;-0.001999846165679563;0.0033074378893931237
2021-06-11;Lateral;1;-0.002467802884244621;0.001735173902984499
2021-06-14;Lateral;1;0.0031367148649682503;0.0017213679137020885
2021-06-15;Lateral;1;-0.0003073613032119256;0.0009605040725372676
2021-06-16;Lateral;1;0.0013413559192120492;0.001609627103054459
2021-06-17;Lateral;1;-0.0007667241709794901;0.0015717845505079547
2021-06-18;Lateral;1;0.003228943785255787;0.0021396615444466056
2021-06-21;Lateral;1;0.005426566921198496;0.0009302686150625993
2021-06-22;Lateral;1;0.0009720062208398134;0.0009331259720062209
2021-06-23;Lateral;1;-0.00222052067381317;0.0003445635528330781
2021-06-24;Lateral;1;-0.00046182266009852215;0.0013084975369458127
2021-06-25;Lateral;1;-0.002961994152946607;0.0008462840436990306
2021-06-28;Lateral;1;-0.004916113928989466;0.0005072181037846274
2021-06-29;Lateral;1;0.0008647118937190472;0.0034981526609543273
2021-06-30;Lateral;1;-0.0033720200752823085;0.001097867001254705
2021-07-01;Lateral;1;-0.0023665838362323987;0.000986076598430166
2021-07-02;Lateral;1;0.001689388284288689;0.005461045849212274
2021-07-05;Lateral;1;0.0006283380458686773;0.0023955387998743326
2021-07-06;Lateral;1;-0.007183454373223871;0.0002368171771392485
2021-07-07;Lateral;1;-0.0020951100921057834;0.0001185911372890066
2021-07-08;Lateral;1;-0.0007575757575757576;7.974481658692185e-05
2021-07-12;Lateral;1;0.0017330339910985072;0.0016936468549371775
2021-07-13;Lateral;1;-0.0026311655670750865;0.003966383914546026
2021-07-14;Lateral;1;-0.004356542524481455;0.0013108181047112345
2021-07-15;Lateral;1;-0.0009692552242856589;0.0032179273446283877
2021-07-16;Lateral;1;0.0015240328253223916;0.0025400547088706526
2021-07-19;Lateral;1;-0.005371387341163266;0.00012025494047380447
2021-07-20;Lateral;1;0.0020007202592933456;0.0010803889400184067
2021-07-21;Lateral;1;-0.004429854052129889;0.0005141794881936479
2021-07-22;Lateral;1;-0.0005560409881642704;0.0019858606720152515
2021-07-23;Lateral;1;0.0005560630734400445;0.0012710013107201017
2021-07-26;Lateral;1;0.0013860837194566553;0.0010296621915963724
2021-07-27;Lateral;1;-0.00023955921105166494;0.0011179429849077697
2021-07-28;Lateral;1;-0.00566583462102302;0.0009112880858988074
2021-07-29;Lateral;1;-0.0011947431302270011;0.0020708880923934686
2021-07-30;Lateral;1;-0.007767456758488149;0.00020019218449711723
2021-08-02;Lateral;1;-0.0024067388688327317;0.0012434817488969113
2021-08-03;Lateral;1;0.0023479980227385073;0.0035014005602240898
2021-08-04;Lateral;1;-0.00488858108933882;0.0
2021-08-05;Lateral;1;-0.0010935601458080195;0.0028351559335763467
2021-08-06;Lateral;1;0.0007362866609399927;0.0047040536671166195
2021-08-09;Lateral;1;-0.008987854251012145;0.0004048582995951417
2021-08-10;Lateral;1;0.0012974901674573248;0.002959899444512022
2021-08-11;Lateral;1;-0.0008236214635753407;0.0009471646831116419
2021-08-12;Lateral;1;-0.0032123882871380916;0.0009472427000535398
2021-08-13;Lateral;1;0.0017052071202794876;0.0023290633837963733
2021-08-16;Lateral;1;-0.0015459179410044288;0.0014623548090582435
2021-08-17;Lateral;1;-0.0005921915316610973;0.004526035277695529
2021-08-18;Lateral;1;-0.004646643855869556;8.448443374308283e-05
2021-08-19;Lateral;1;-0.0007733952049497294;0.003265446420898857
2021-08-20;Lateral;1;0.0037518652739288;0.0018759326369644
2021-08-23;Lateral;1;0.0002950101146325017;0.0034558327714093056
2021-08-24;Lateral;1;0.0060321158166236795;0.0012480239620600716
2021-08-25;Lateral;1;0.0011645316918981866;0.0004990850108135085
2021-08-26;Lateral;1;-0.006216038201877161;0.0008233163181294253
2021-08-27;Lateral;1;0.0031175957101883026;0.000997630627260257
2021-08-30;Lateral;1;0.005750718839854982;0.00012501562695336918
2021-08-31;Lateral;1;0.001124906257811849;0.00020831597366886094
2021-09-01;Lateral;1;0.002131750543387393;0.0015047650894499248
2021-09-02;Lateral;1;0.004311620239252653;0.0010567696664834933
2021-09-03;Lateral;1;-0.006219382321618744;0.0008945686900958467
2021-09-06;Lateral;1;0.0032752020416843895;0.0010633772862611655
2021-09-08;Lateral;1;-0.009369895985558326;0.001547322272844494
2021-09-09;Lateral;1;-0.002276109603431673;0.0022323382649041407
2021-09-10;Lateral;1;-0.004167919907188587;0.0018476345980320543
2021-09-13;Indefinido;-1;0.0038192507402480366;0.004119641247907995
2021-09-14;Lateral;1;-0.0026066148192462183;0.0024784206478078797
2021-09-15;Lateral;1;-0.005386073767666322;0.000517063081695967
2021-09-16;Lateral;1;0.00412715138742536;0.0015367053038285916
2021-09-17;Lateral;1;-0.006975607588750167;0.0005775980805971476
2021-09-20;Lateral;1;-0.004396208270366808;0.0026560424966799467
2021-09-21;Lateral;1;-0.0036804798255179933;0.002544529262086514
2021-09-22;Lateral;1;-0.0029326816263052654;0.0025327704954454565
2021-09-23;Lateral;1;0.00070298769771529;0.002548330404217926
2021-09-24;Lateral;1;-0.004105778994304888;0.003002074963577767
2021-09-27;Lateral;1;0.0004396957305544563;0.0012311480455524776
2021-09-28;Lateral;1;-0.010558069381598794;0.0007985094490284802
2021-09-29;Lateral;1;0.005256300822139359;0.0004941821285772047
2021-09-30;Lateral;1;-0.0032523947427043885;0.0020494542214301624
2021-10-01;Lateral;1;0.0;0.0033992307004204313
2021-10-04;Lateral;1;-0.007709547288211565;0.0006275212909009413
2021-10-05;Lateral;1;0.002216091538148433;0.0008593008005065352
2021-10-06;Indefinido;-1;0.0038599393438103115;0.006341328921974083
2021-10-07;Lateral;1;0.0010370169980612291;0.0028856125163442894
2021-10-08;Lateral;1;0.005278332224440009;4.435573297848747e-05
2021-10-11;Lateral;1;-0.0031262383866848664;0.0003522522125842103
2021-10-13;Lateral;1;0.002902119426611556;0.0031659484653944244
2021-10-14;Lateral;1;0.0023577697244902412;0.002226782517574117
2021-10-15;Lateral;1;0.0016921942118280037;0.0013450774504273875
2021-10-18;Lateral;1;0.0013143483023001095;0.0009200438116100766
2021-10-19;Lateral;1;-0.0020737733851041297;0.0020737733851041297
2021-10-20;Lateral;1;0.00398335049008638;0.0012531889182294232
2021-10-21;Lateral;1;-0.0014102447457010282;0.003366390683286325
2021-10-22;Indefinido;-1;-0.020931105688004506;0.0006100994931481134
2021-10-25;Lateral;1;0.0019705788002383024;0.0009623756931396361
2021-10-26;Indefinido;-1;-0.001066691401539746;0.007142194601613951
2021-10-27;Lateral;1;0.000368171567950665;0.0005522573519259975
2021-10-28;Lateral;1;-0.008309734924098231;0.0013462699039041828
2021-10-29;Compra;4;0.012424429951920788;0.0004760317989241681
2021-11-01;Lateral;1;0.0012314687633211766;0.0008999194808885521
2021-11-03;Lateral;1;0.008165202943270828;0.0007595537621647282
2021-11-04;Lateral;1;-0.0036910846110164677;0.0029339390497823206
2021-11-05;Lateral;1;-0.006213519111278478;0.0015533797778196196
2021-11-08;Lateral;1;0.007206182145735552;0.0002844545583842981
2021-11-09;Lateral;1;-0.004388831823699692;0.0029881408161359603
2021-11-10;Lateral;6;0.009198423127463863;0.0002815843814529754
2021-11-11;Lateral;1;0.0;0.002757986669731096
2021-11-12;Lateral;2;-0.010414738011479355;0.0015274949083503055
2021-11-16;Indefinido;-1;-0.01206742733718364;0.0005165046720195332
2021-11-17;Indefinido;-1;-0.007565664255805101;0.0027122192615150363
2021-11-18;Lateral;1;-0.004387022127946777;0.004387022127946777
2021-11-19;Lateral;1;0.0058344182458170595;0.0022180433000626837
2021-11-22;Lateral;1;-0.0038663484486873506;0.001766109785202864
2021-11-23;Lateral;1;0.00493254025823299;0.002079404226509986
2021-11-24;Compra;4;0.012135333236250668;0.0006795786612300374
2021-11-25;Lateral;1;0.004679081198601002;0.002174118536723698
2021-11-26;Lateral;1;-0.009240445089501692;0.0005805515239477503
2021-11-29;Indefinido;-1;-0.009688249400479616;0.002541966426858513
2021-11-30;Lateral;1;-0.006827425915165601;0.0012589579701723804
2021-12-01;Lateral;1;0.0021656480100101065;0.0037537898840175176
2021-12-02;Indefinido;-1;0.008978403300169862;0.004464935695219607
2021-12-03;Lateral;3;-0.0034233727255674356;0.004783342712436691
2021-12-06;Indefinido;-1;0.004165301633359854;0.007066972434127392
2021-12-07;Lateral;1;-0.0008325239350631331;0.001803801859303455
2021-12-08;Lateral;0;0.004439511653718091;0.004809470958194599
2021-12-09;Lateral;1;-0.00435067365269461;0.0018712574850299401
2021-12-10;Lateral;1;-0.005684181339248579;0.0008780442719164472
2021-12-13;Lateral;1;-0.003696267226430592;0.00031943050104955736
2021-12-14;Lateral;1;-0.0002769571639586411;0.003185007385524372
2021-12-15;Indefinido;-1;-0.005419677598665925;0.005095423383361127
2021-12-16;Lateral;1;-0.0033656251421294403;0.0030017737754127437
2021-12-17;Lateral;1;-0.0043676152820559975;0.0021608201921750722
2021-12-20;Lateral;1;-0.0007037958053769999;0.0013137521700370665
2021-12-21;Lateral;1;-0.0019682271896527483;0.0010778386990955527
2021-12-22;Lateral;1;-0.004518284934343672;0.000564785616792959
2021-12-23;Lateral;1;0.00018843925189616998;0.0017901728930136147
2021-12-27;Lateral;1;-0.0037475991942661734;0.0007495198388532346
2021-12-28;Lateral;1;-0.0008011310084825636;0.0001413760603204524
2021-12-29;Lateral;3;-0.0017466012084592145;0.004956570996978852
2021-12-30;Indefinido;-1;0.00264750378214826;0.004727685325264751
2022-01-03;Indefinido;-1;-0.017902333864467147;4.686474833630143e-05
2022-01-04;Lateral;1;-0.002768628574156284;0.0013365793116616544
2022-01-05;Indefinido;-1;0.005448671584936593;0.0035199382805342593
2022-01-06;Lateral;1;0.001220703125;0.00234375
2022-01-07;Lateral;1;0.0061899887897840815;0.0007311010381634742
2022-01-10;Indefinido;-1;-0.007330452934608476;0.003980775765813875
2022-01-11;Lateral;1;0.0013073161284074953;0.0037282719217547086
2022-01-12;Lateral;1;0.0062005963932408766;0.0006626591565295593
2022-01-13;Lateral;1;0.008110147114296492;0.0012731044888721237
2022-01-14;Lateral;1;0.00778816199376947;0.0012272255262909468
2022-01-17;Lateral;1;0.0014958863126402393;0.0022905759162303663
2022-01-18;Lateral;1;-0.0004204625087596356;0.0015416958654519972
2022-01-19;Lateral;1;0.001698416341519394;0.001514803764057838
2022-01-20;Lateral;1;0.004288516811898353;0.00018249007710205756
2022-01-21;Lateral;1;0.0014114647361471565;0.002549742749169057
2022-01-24;Lateral;1;-0.003882597642708574;0.004113704645250751
2022-01-25;Lateral;1;-0.0006895600606812854;0.005056773778329426
2022-01-26;Lateral;1;0.002846848449802055;0.0024909923935767984
2022-01-27;Lateral;1;-0.0007074011848969847;0.003006455035812185
2022-01-28;Lateral;1;-0.006051236749116608;8.833922261484099e-05
2022-01-31;Lateral;1;-0.0012883735394730996;0.0006219734328490826
2022-02-01;Lateral;1;0.003635074031385761;0.0027928007802110115
2022-02-02;Lateral;1;-0.0035318528983267847;0.0013244448368725443
2022-02-03;Lateral;1;0.0025961237187234233;0.0012980618593617117
2022-02-04;Lateral;1;0.00590702078730216;0.0005861929025567029
2022-02-07;Lateral;1;0.0009803047856697263;0.004946083236788165
2022-02-08;Lateral;1;0.0027848897273503124;0.0004491757624758568
2022-02-09;Lateral;1;0.005137139283480747;0.00013401232913428035
2022-02-10;Indefinido;-1;0.0047834174860483655;0.005713526441668881
2022-02-11;Lateral;1;0.004122987850344313;0.0020176323522961533
2022-02-14;Lateral;1;-0.00048218121246657605;0.00026300793407267787
2022-02-15;Lateral;1;-0.0018363064008394543;0.001967471143756558
2022-02-16;Lateral;1;-0.0002137482900136799;0.0016244870041039671
2022-02-17;Lateral;1;-0.006056180740486213;0.0018898720041233572
2022-02-18;Lateral;1;-0.0025100618860085687;8.655385813822652e-05
2022-02-21;Lateral;1;0.002402481107762198;0.0004368147468658542
2022-02-22;Lateral;1;0.0002180929948530053;0.0037075809125010906
2022-02-23;Lateral;1;-0.006222260899834653;0.00039161082586371945
2022-02-24;Lateral;1;0.0001801233845183951;0.004818300535867069
2022-02-25;Indefinido;-1;0.0007558242930819847;0.005468611061710831
2022-03-03;Lateral;1;-0.0007702841492639507;0.002011297500855871
2022-03-04;Lateral;1;-0.0020362186985529852;0.0009097998440343125
2022-03-07;Lateral;1;-0.003943149319698414;0.0002166565560273854
2022-03-08;Lateral;1;0.0013318534961154272;0.003329633740288568
2022-03-09;Lateral;1;0.006534793359237019;0.00022077004592016954
2022-03-10;Lateral;1;0.0017201076169893706;0.00520442817448066
2022-03-11;Lateral;1;-0.005345037371806014;0.0016947679471580046
2022-03-14;Lateral;1;0.0015663459386887446;0.0017453569031103155
2022-03-15;Indefinido;-1;0.006888317413666422;0.002847171197648788
2022-03-16;Lateral;1;-0.00017947682505496478;0.005159958720330237
2022-03-17;Lateral;1;0.003120959472111998;0.0033438851486914264
2022-03-18;Lateral;1;0.004813161809748841;0.00013126804935678657
2022-03-21;Lateral;1;-0.0005144473977535797;0.0009431535625482294
2022-03-22;Lateral;1;0.0005507541094729707;0.0016522623284189121
2022-03-23;Lateral;1;0.005765154726579059;4.23908435777872e-05
2022-03-24;Lateral;1;0.0019384745048461863;0.0011799410029498525
2022-03-25;Lateral;1;0.001880327594852081;0.00012535517299013872
2022-03-28;Lateral;1;0.00029440215334146445;0.002691676830550532
2022-03-29;Lateral;1;-0.001119495812256406;0.0016170495065925864
2022-03-30;Lateral;1;-0.0016159105034182723;0.001740211311373524
2022-03-31;Lateral;1;-0.00251847570290244;4.128648693282689e-05
2022-04-01;Lateral;1;0.0020149683362118594;0.0004934616333580064
2022-04-04;Lateral;1;-0.00028817257420443785;0.0011938578074183854
2022-04-05;Lateral;1;-0.008639131150238604;0.0009461905545499424
2022-04-06;Lateral;1;0.0033980376332667884;0.0004672301745741834
2022-04-07;Lateral;1;-0.0015224562293834052;0.002960331557134399
2022-04-08;Lateral;6;0.010037427696495406;0.0
2022-04-11;Lateral;1;-0.0019124521886952825;0.0011049723756906078
2022-04-12;Lateral;1;-0.0032599491955969517;0.00021168501270110075
2022-04-13;Lateral;1;-0.0010114632501685772;0.0008007417397167903
2022-04-14;Lateral;1;-0.002027626409833988;0.002154353060448612
2022-04-18;Lateral;1;0.003708756074686674;0.0016625458265836816
2022-04-19;Lateral;1;-0.002220040131494685;0.0017077231780728344
2022-04-20;Lateral;1;0.0007316233430883113;0.0017645033568600447
2022-04-22;Indefinido;-1;-0.006128792190167666;0.0035459440528827213
2022-04-25;Lateral;1;-0.0030557677616501145;0.004179211791668539
2022-04-26;Lateral;1;-0.004415806785923489;0.0017122516108682919
2022-04-27;Lateral;1;-0.003991747398636527;0.0020182992465016146
2022-04-28;Lateral;1;-0.0037375602287566985;4.5030846129598774e-05
2022-04-29;Lateral;1;-0.004814274987853894;0.0007950178879024779
2022-05-02;Lateral;1;-0.005041394940104528;0.0016187965404005364
2022-05-03;Lateral;1;-4.622994776015903e-05;0.003051176552170496
2022-05-04;Lateral;1;-0.001173048048048048;0.0004692192192192192
2022-05-05;Lateral;1;-0.00868671772837661;0.0004670278348589576
2022-05-06;Indefinido;-1;0.01505151702198376;0.00042733013627083236
2022-05-09;Lateral;1;-0.003638801110791918;0.0022024322512687925
2022-05-10;Lateral;1;-0.0062959076600209865;0.001001621673185157
2022-05-11;Lateral;1;-0.0009422850412249705;0.0020259128386336867
2022-05-12;Indefinido;-1;0.01090424265511166;0.0017618208656730633
2022-05-13;Lateral;1;0.002912082832578349;0.0006009059813256911
2022-05-16;Lateral;1;0.0031825100318251002;0.0029980166966468336
2022-05-17;Lateral;1;-0.007421486107340031;0.0008145533532446375
2022-05-18;Lateral;1;-0.002298005331372369;0.001838404265097895
2022-05-19;Lateral;1;-9.310986964618249e-05;0.0034916201117318434
2022-05-20;Lateral;1;-0.004979442667884879;0.0016445865692096848
2022-05-23;Lateral;5;0.008133036485074288;0.0018628742787041666
2022-05-24;Lateral;1;-0.005364124011273752;4.545867806164197e-05
2022-05-25;Lateral;1;0.001532497971693861;0.001712791850716668
2022-05-26;Lateral;1;0.0020062416406598305;0.00022291573785109228
2022-05-27;Lateral;1;0.0015991471215351812;0.0042643923240938165
2022-05-30;Venda;7;-0.010868118706472075;0.0
2022-05-31;Lateral;1;0.0014278065322148848;0.0025878993396394787
2022-06-01;Indefinido;-1;0.0010250011141316458;0.009135879495521191
2022-06-02;Lateral;1;-0.00040198311670909824;0.003126535352181875
2022-06-03;Lateral;1;-0.003301360695962525;0.001115324559446799
2022-06-06;Lateral;1;-0.007865218751396523;0.0008937748581132412
2022-06-07;Lateral;1;0.0029478458049886623;0.0038095238095238095
2022-06-08;Lateral;1;-0.005850074826538479;0.0004988435898598703
2022-06-09;Lateral;1;-0.0033680908000369107;0.00359878195072437
2022-06-10;Lateral;1;-0.001279560210416568;0.0012321690915122507
2022-06-13;Lateral;1;-0.000243819183693373;0.0018530257960696348
2022-06-14;Lateral;1;-0.008699455676516329;0.00145800933125972
2022-06-15;Lateral;1;-0.005333207475929772;0.00042476873702095523
2022-06-17;Indefinido;-1;-0.012723268901394667;0.00024467824810374357
2022-06-20;Indefinido;-1;0.010420284821118444;0.0030764650424254456
2022-06-21;Lateral;1;-0.003472052423101374;0.0012714558169103624
2022-06-22;Lateral;5;0.009014842115748581;0.0017432015140950293
2022-06-23;Indefinido;-1;0.0037580972160411413;0.004302032339415517
2022-06-24;Lateral;1;0.003594787558040841;4.992760497278945e-05
2022-06-27;Lateral;1;0.006663726787201725;9.799598216473124e-05
2022-06-28;Lateral;1;-0.006461256569747818;0.0014465499783017503
2022-06-29;Lateral;1;-0.0071949488522343496;0.001468356908619255
2022-06-30;Indefinido;-1;0.0005515996389529636;0.005867014341590613
2022-07-01;Lateral;1;-0.0018102277869965304;0.003017046311660884
2022-07-04;Lateral;1;0.0071668420788853805;0.0006014133213050669
2022-07-05;Lateral;1;0.0004071454018016184;0.0013741157310804622
2022-07-06;Lateral;1;-0.006200310015500775;0.0016000800040002
2022-07-07;Lateral;1;-0.0017648789096970292;0.002059025394646534
2022-07-08;Lateral;1;0.0037845276712867395;0.0026540843409023885
2022-07-11;Lateral;1;-0.0034553558014923133;0.0003505433421803796
2022-07-12;Lateral;1;0.007824010567494792;0.0008636894782299446
2022-07-13;Indefinido;-1;0.009300444803881924;0.004650222401940962
2022-07-14;Lateral;1;-0.0008767858063850637;5.157563566970963e-05
2022-07-15;Lateral;6;0.010332294911734164;5.1921079958463136e-05
2022-07-18;Lateral;1;0.0012616704516780217;0.003128942720161494
2022-07-19;Lateral;1;0.0005091908956667855;0.002953307194867356
2022-07-20;Lateral;1;0.005340793489318413;0.0022380467955239063
2022-07-21;Lateral;1;-0.00035523978685612787;0.00045673686881502157
2022-07-22;Lateral;1;0.005709134615384615;0.002003205128205128
2022-07-25;Lateral;1;-0.0011891195560620323;0.0018332259822622999
2022-07-26;Lateral;1;-0.00321082789962458;9.879470460383324e-05
2022-07-27;Lateral;1;0.0024808970923886078;0.0015381561972809368
2022-07-28;Lateral;1;-0.0002451340883463254;0.0015198313477472177
2022-07-29;Lateral;1;0.003874279626132016;0.0007748559252264032
2022-08-01;Indefinido;-1;0.00518310404960279;0.003923658205774075
2022-08-02;Indefinido;-1;0.009107290702771149;0.004870208931963181
2022-08-03;Lateral;1;-0.004906204906204906;4.81000481000481e-05
2022-08-04;Lateral;1;0.0005209319946959651;0.0017995832544042433
2022-08-05;Indefinido;-1;0.005470868792668101;0.0031328906761432713
2022-08-08;Lateral;1;-0.0008300285898736512;0.00023056349718712533
2022-08-09;Lateral;1;-0.0034932892075749218;0.0017006802721088435
2022-08-10;Lateral;1;0.0030422739862870636;0.003723380102619988
2022-08-11;Lateral;1;-0.005168074779795075;0.00017975912277548085
2022-08-12;Lateral;1;-0.0022028412156087033;0.001303722352094947
2022-08-15;Lateral;1;0.0037066809574848162;0.002411575562700965
2022-08-16;Lateral;1;-0.004058405752349023;0.0029996912082579734
2022-08-17;Lateral;1;0.00017328019407381737;0.001256281407035176
2022-08-18;Lateral;1;0.001295728415324148;0.0017708288342763356
2022-08-19;Lateral;1;-0.003376748673420164;0.001447178002894356
2022-08-22;Lateral;1;0.001115324559446799;0.0026767789426723177
2022-08-23;Lateral;1;0.0019332161687170475;0.00030755711775043936
2022-08-24;Lateral;1;0.002039399461945674;0.0006942636466198039
2022-08-25;Lateral;1;-0.0017791277934476025;0.0020394879583423738
2022-08-26;Lateral;1;-0.0060274923030224185;0.0006938120636572568
2022-08-29;Lateral;1;0.003336113427856547;0.00030727360519731354
2022-08-30;Lateral;1;-0.0016322569260631727;0.0014999117698958884
2022-08-31;Lateral;1;4.448794376723908e-05;0.0019129815819912803
2022-09-01;Lateral;1;-0.005162342073087895;0.0009056740479101572
2022-09-02;Indefinido;-1;0.012923351158645277;0.000980392156862745
2022-09-05;Lateral;1;-0.002719894713753016;0.00021934634788330776
2022-09-06;Lateral;1;0.002252150804017837;0.003107968109544615
2022-09-08;Lateral;1;-0.006209515300424392;0.00017869108778199687
2022-09-09;Lateral;1;0.004072778786134845;0.0003098853424233034
2022-09-12;Lateral;1;-0.005157990550908066;8.66889168219843e-05
2022-09-13;Lateral;1;-0.0037471345441721037;0.004364309645565156
2022-09-14;Lateral;1;-0.0017364976178814728;0.0005788325392938243
2022-09-15;Indefinido;-1;-0.01339764201500536;0.0008038585209003215
2022-09-16;Lateral;1;0.0031041723728658815;9.129918743723181e-05
2022-09-19;Lateral;5;0.00953808420765772;0.0019530362901394377
2022-09-20;Lateral;1;0.0020866631148996626;0.0009767359261232463
2022-09-21;Lateral;1;-0.0027476179924662085;0.0030135165078661644
2022-09-22;Lateral;1;-0.002209163610657005;0.002120797066230725
2022-09-23;Lateral;1;-0.003613329169826471;0.0015613150733818084
2022-09-26;Lateral;1;-0.005828289621161175;0.0017036538892624973
2022-09-27;Lateral;1;0.001226269415932419;0.004723408120628577
2022-09-28;Lateral;1;0.0017452006980802793;0.003444475062000551
2022-09-29;Indefinido;-1;0.004994631937637119;0.00546141996919199
2022-09-30;Lateral;1;0.002793040293040293;0.002655677655677656
2022-10-03;Lateral;6;0.009903149812407294;0.00030538347439141433
2022-10-04;Lateral;1;-0.0009788067069537833;0.0029789769342071664
2022-10-05;Lateral;1;-0.00413610779464438;4.264028654272557e-05
2022-10-06;Lateral;1;-0.00429980608717646;0.00012646488491695472
2022-10-07;Lateral;1;-0.0010616612875828095;0.0006794632240529981
2022-10-10;Lateral;1;-0.0021932653851115987;0.0015051821270373716
2022-10-11;Lateral;1;0.0;0.003558564423035195
2022-10-13;Lateral;1;0.0004328816934331847;0.004675122289078395
2022-10-14;Lateral;1;-0.0070280694236125995;0.0012856224555388902
2022-10-17;Lateral;1;0.004556896102768857;0.0018227584411075427
2022-10-18;Lateral;1;-0.00446979694351028;0.0019156272615044058
2022-10-19;Lateral;1;0.001700174267862456;0.000977600204020912
2022-10-20;Lateral;1;0.004965285083105407;0.000547022932884494
2022-10-21;Lateral;1;0.002210728288979728;0.0002919829815633603
2022-10-24;Lateral;1;-0.0014639451229713904;0.00020913501756734148
2022-10-25;Lateral;1;0.001107797187899446;0.001832126118449084
2022-10-26;Lateral;1;0.0013926364348507269;4.3519888589085215e-05
2022-10-27;Lateral;1;-0.0036748811067877215;0.003329009943795936
2022-10-28;Lateral;1;-0.004655172413793103;0.002413793103448276
2022-10-31;Indefinido;-1;-0.003313931257169563;0.006500403619832604
2022-11-01;Indefinido;-1;0.002504563399414187;0.006707135883176975
2022-11-03;Indefinido;-1;0.010104902590451723;0.003639477627916934
2022-11-04;Indefinido;-1;0.008692035766271575;0.0036598045331669785
2022-11-07;Indefinido;-1;-0.01583644057145251;0.0031421509070342283
2022-11-08;Lateral;1;-0.002264860476048032;0.003845989487628734
2022-11-09;Lateral;1;0.0010276612143530015;0.002312237732294254
2022-11-10;Indefinido;-1;-0.01248671625929862;0.005402054551895147
2022-11-11;Lateral;1;-0.0017852360974738909;0.0026778541462108363
2022-11-14;Lateral;1;-0.004353370564179236;0.004001583043841519
2022-11-16;Lateral;1;-0.004821942048219421;0.0015925680159256802
2022-11-17;Indefinido;-1;0.004746981288598027;0.0035487141672043507
2022-11-18;Indefinido;-1;-0.01495992876224399;0.0016473731077471059
2022-11-21;Lateral;1;-0.011221776555951147;0.0006309432601739601
2022-11-22;Lateral;1;-0.004154624277456647;0.0038385115606936414
2022-11-23;Lateral;1;0.0020635575732562937;0.0013298482138762782
2022-11-24;Indefinido;-1;0.014600513721779099;0.0011265828489027082
2022-11-25;Lateral;1;-0.00367745986187102;0.0018835770024217418
2022-11-28;Lateral;1;0.0023750799305745866;0.0033342468256143233
2022-11-29;Indefinido;-1;0.013292201605952002;0.0012702445220704986
2022-11-30;Lateral;1;0.004869332142059415;0.0007147643511279875
2022-12-01;Lateral;1;0.0038423733357162006;0.0009829327137878653
2022-12-02;Indefinido;-1;0.023553162853297442;0.0003589053387169134
2022-12-05;Lateral;1;-0.007403419033517297;0.0005832996814286355
2022-12-06;Lateral;1;0.003218786834708496;0.0026294314987759543
2022-12-07;Lateral;1;-0.0010436992331079547;0.0010890774606343875
2022-12-08;Lateral;1;0.0003205128205128205;0.004304029304029304
2022-12-09;Lateral;1;0.0058615556382582805;0.00013956084852995905
2022-12-12;Indefinido;-1;-0.011425049777187826;0.001896273821939888
2022-12-13;Indefinido;-1;-0.00014168319637291018;0.006045149711910834
2022-12-14;Lateral;1;-0.009668047816354717;0.000714387769681383
2022-12-15;Lateral;5;0.008436233386747101;0.001979451409180884
2022-12-16;Lateral;1;-0.00166073546856465;0.0013760379596678529
2022-12-19;Lateral;1;0.0010452796122962893;0.0035634532237373497
2022-12-20;Lateral;1;0.0074685353372366415;0.00046102069982942236
2022-12-21;Lateral;0;0.0036944675348665372;0.004710446106954835
2022-12-22;Indefinido;-1;-0.0009617145997435428;0.009525554130793186
2022-12-23;Lateral;1;0.003795066413662239;0.0009487666034155598
2022-12-26;Lateral;1;0.001087498300783905;0.0036703067651456794
2022-12-27;Lateral;1;0.0029763267548880445;0.0018315856953157197
2022-12-28;Lateral;1;-0.00013451105232479936;0.004214679639510379
2022-12-29;Lateral;1;-0.0040019565120725685;0.0015563164213615545
2023-01-02;Lateral;1;-0.0021296296296296298;0.0012037037037037038
2023-01-03;Lateral;1;0.0025693730729701952;0.0051387461459403904
2023-01-04;Lateral;1;-0.000992063492063492;0.0012755102040816326
2023-01-05;Lateral;1;0.00560878709978967;0.0009347978499649451
2023-01-06;Lateral;1;-0.010183299389002037;0.0006788866259334691
2023-01-09;Lateral;1;0.0006375227686703097;0.002185792349726776
2023-01-10;Lateral;1;0.005728053825521662;0.00018184297858798927
2023-01-11;Lateral;1;0.0033862056674389593;0.0023168775619319196
2023-01-12;Lateral;1;-0.0066442239546420975;0.001151665485471297
2023-01-13;Lateral;1;0.0017416156834725138;0.004019113115705801
2023-01-16;Lateral;1;-0.004730155869898189;0.00045049103522839894
2023-01-17;Lateral;1;0.004090439160336225;0.0015282959500157324
2023-01-18;Lateral;1;-0.0003517720517104916;0.003605663530032539
2023-01-19;Lateral;1;-0.0021651716671821837;0.0034465997967389863
2023-01-20;Lateral;1;0.0017294133297858188;0.001862445124384728
2023-01-23;Lateral;1;-0.0015419860780685522;0.00044056745087672923
2023-01-24;Indefinido;-1;-0.0012846637724816161;0.0065119163639585365
2023-01-25;Lateral;1;-0.0022090660068922858;0.0015021648846867545
2023-01-26;Lateral;1;-0.0029561361561535452;0.0039560057383819505
2023-01-27;Lateral;1;-0.00765998424231813;0.00039394204674778955
2023-01-30;Lateral;1;-0.004240469985423385;0.0009276028093113653
2023-01-31;Lateral;1;0.003658966672544525;0.0
2023-02-01;Lateral;1;-0.004422626155411083;0.0010172040157445492
2023-02-02;Lateral;2;-0.010223048327137546;0.0012391573729863693
2023-02-03;Lateral;1;0.003860302466052046;0.0004995685544302648
2023-02-06;Lateral;1;-0.001662280094195872;0.0026781179295377938
2023-02-07;Lateral;1;-0.002846779007300611;0.001928463198493962
2023-02-08;Lateral;1;0.003535678207365231;0.0033060887133804758
2023-02-09;Indefinido;-1;-0.012709364077890245;0.0005446870319095819
2023-02-10;Lateral;1;-0.004190651623301865;0.0009210223347916187
2023-02-13;Indefinido;-1;0.013459574863083634;0.002042142393019586
2023-02-14;Lateral;0;0.0029830197338228544;0.004543368517668655
2023-02-15;Lateral;1;0.006972610855398077;0.000638016679578909
2023-02-16;Lateral;1;-0.006172005225931432;0.0017569941884038383
2023-02-17;Lateral;1;-0.0025160623624028394;0.0013928202363301433
2023-02-23;Lateral;1;0.005934989043097152;0.0002739225712198685
2023-02-24;Lateral;1;-0.007723427730783376;0.001011401250459728
2023-02-27;Lateral;1;0.0006059758541928868;0.003589241597911714
2023-02-28;Lateral;1;-0.008883953359244865;0.0012030353507310753
2023-03-01;Indefinido;-1;-0.007503539405379896;0.0026427560169891458
2023-03-02;Lateral;1;-0.005751461436922497;0.0018857250612860645
2023-03-03;Lateral;1;0.00547514759093506;0.001999619120167587
2023-03-06;Lateral;1;0.0022953328232593728;0.0023909716908951796
2023-03-07;Lateral;1;-0.0038203943024242995;0.0008018111498915197
2023-03-08;Lateral;1;0.007279729475859478;0.0011271839188427579
2023-03-09;Lateral;1;-0.0026045300218594486;0.0030231152039440026
2023-03-10;Lateral;1;0.0026176764551901384;0.0040454999762029415
2023-03-13;Lateral;5;0.00870987921659208;0.00178047254703816
2023-03-14;Lateral;3;-0.0032014525993883792;0.004826070336391437
2023-03-15;Lateral;1;-0.0007357268981753973;0.003531489111241907
2023-03-16;Lateral;1;-0.002591419522027066;0.0010557635089739898
2023-03-17;Lateral;1;-0.003108606955508063;0.001408587526714591
2023-03-20;Lateral;1;0.00166267299134432;0.005036921120837205
2023-03-21;Lateral;1;-0.0015170051382432102;0.0005382921458282359
2023-03-22;Lateral;1;0.002716854376605414;0.0004939735230191662
2023-03-23;Lateral;1;-0.007366027288906466;0.00044492782281985367
2023-03-24;Lateral;1;0.0002532414910858995;0.00511547811993517
2023-03-27;Lateral;1;0.0021551724137931034;0.0001503608660785886
2023-03-28;Lateral;1;0.0047043676339506785;9.903931860948797e-05
2023-03-29;Lateral;1;0.0004915454187966968;0.0017695635076681085
2023-03-30;Lateral;1;-0.004612280196021909;0.0005284904391275103
2023-03-31;Lateral;1;-0.004044878894399769;0.0020224394471998843
2023-04-03;Lateral;1;0.001880164266983326;0.001929642274009203
2023-04-04;Lateral;1;0.0014178155861934096;0.0
2023-04-05;Indefinido;-1;-0.008988542078229949;0.0022718293164757015
2023-04-06;Lateral;1;0.001935868162414375;0.00014891293557033655
2023-04-10;Lateral;1;-0.0008340692768128741;0.0010793837699931313
2023-04-11;Lateral;1;0.004102466250059629;0.0003339216715164814
2023-04-12;Lateral;1;-0.0031195522525002293;0.002569043031470777
2023-04-13;Lateral;1;-0.003260470242468773;0.0014695077149155032
2023-04-14;Lateral;1;-0.003048358043508383;0.00032331070158422246
2023-04-17;Lateral;1;-0.004791081218040264;0.0003224766204450177
2023-04-18;Lateral;1;0.003058812624553923;0.0033368864995133706
2023-04-19;Lateral;1;0.004295086609713504;0.00047198753952895644
2023-04-20;Lateral;1;0.004455821008722032;0.000521425862722791
2023-04-24;Indefinido;-1;-0.0004724335049841735;0.007086502574762602
2023-04-25;Lateral;1;-0.0012441977317318275;0.002249126668899842
2023-04-26;Lateral;1;0.0007184252119354375;0.003208965946644954
2023-04-27;Lateral;1;-0.00019193857965451057;0.0047984644913627635
2023-04-28;Lateral;1;0.006380733064670889;0.0013433122241412398
2023-05-02;Lateral;1;-0.003997880641587592;0.0008188430229757719
2023-05-03;Lateral;1;0.0031593273063089335;0.0014095460289686012
2023-05-04;Lateral;1;-0.006230379135474523;0.0003380825887466795
2023-05-05;Lateral;1;0.002686882256981096;0.002255061894251991
2023-05-08;Lateral;1;0.00395882818685669;0.0025150202598854267
2023-05-09;Lateral;1;0.0023176045239640306;0.000602577176230648
2023-05-10;Lateral;1;-0.001200812857934602;0.002724921485313135
2023-05-11;Lateral;1;0.00046193643754619364;0.0025868440502586844
2023-05-12;Lateral;1;-0.0005923900660742766;0.0014126224652540442
2023-05-15;Lateral;1;-0.0013204024951054046;0.0010472157719801484
2023-05-16;Venda;7;-0.00984579418243942;0.00013487389291012904
2023-05-17;Lateral;1;-0.0006354970494779846;0.0024058102587380843
2023-05-18;Lateral;1;-9.091322332833311e-05;0.004500204554752489
2023-05-19;Lateral;1;0.0033721505327997843;0.0023829863765118474
2023-05-22;Lateral;1;0.0014380729822038468;0.0015279525435915873
2023-05-23;Lateral;1;0.0037720598140913377;0.001302258745341057
2023-05-24;Lateral;1;0.0031465183090884216;0.0002736102877468193
2023-05-25;Lateral;1;0.0020269357236160535;0.005089860817080311
2023-05-26;Lateral;1;-0.004502496433666191;0.0016048502139800285
2023-05-29;Lateral;1;0.00207197873969641;0.0017566776271339128
2023-05-30;Lateral;1;-0.005811313901752474;0.0010442204667211478
2023-05-31;Lateral;1;-0.0011910215300045808;0.002702702702702703
2023-06-01;Lateral;1;0.00618783517440528;0.00206261172480176
2023-06-02;Lateral;1;4.422430567840085e-05;0.0024765611179904477
2023-06-05;Lateral;1;-0.001152124783976603;0.0016838746842734967
2023-06-06;Lateral;1;0.004481349677079215;0.0
2023-06-07;Lateral;1;-0.004265770423991727;0.0016373664253705618
2023-06-09;Lateral;1;0.005776636713735558;0.00025673940949935817
2023-06-12;Lateral;1;0.003927595628415301;0.0004269125683060109
2023-06-13;Lateral;1;0.0011914893617021277;0.0037872340425531914
2023-06-14;Lateral;1;0.001283750207056485;0.0015322179890674176
2023-06-15;Lateral;1;0.0022601191699198686;0.0004520238339839737
2023-06-16;Lateral;1;0.0011102886750555144;0.0005345834361378403
2023-06-19;Lateral;1;0.0041563786008230455;0.0002880658436213992
2023-06-20;Lateral;1;-0.005182412701024143;0.0006580841525110024
2023-06-21;Lateral;1;0.0012717426977354774;0.002789629143419757
2023-06-22;Lateral;1;-0.002642553367191048;0.001279986787233164
2023-06-23;Lateral;1;0.0013671389510315685;0.0031485624326787636
2023-06-26;Lateral;1;-0.006249482658720305;0.00037248572138068043
2023-06-27;Lateral;1;-0.005514245133260924;0.0016292087893725457
2023-06-28;Lateral;1;0.00041890080428954424;0.0020945040214477213
2023-06-29;Lateral;1;-0.0008779264214046823;0.0007107023411371238
2023-06-30;Lateral;1;-0.000454451559595125;0.002850650692005784
2023-07-03;Lateral;1;0.0024352994592809676;0.0002476575721302679
2023-07-04;Lateral;1;-0.0004958472790380563;0.003636213379612413
2023-07-05;Lateral;1;0.00265065230896666;0.0005798301925864568
2023-07-06;Lateral;1;-0.005940179878686468;0.0005019870320016733
2023-07-07;Lateral;1;0.0002910360884749709;0.0010809911857641776
2023-07-10;Lateral;1;0.00087576629550857;0.00087576629550857
2023-07-11;Lateral;1;0.0025107451380909826;0.0006383250351078769
2023-07-12;Lateral;1;0.0006239081607187422;0.0017469428500124782
2023-07-13;Lateral;1;-0.0002066457265663746;0.0011985452140849727
2023-07-14;Lateral;1;-0.003124088807431166;0.002374307493647686
2023-07-17;Lateral;1;-0.0015580259390264443;0.0017685699848408287
2023-07-18;Lateral;1;-0.0026270797714857594;0.00025019807347483427
2023-07-19;Lateral;1;-0.00617543270038649;0.00029406822382792807
2023-07-20;Lateral;1;4.2002688172043014e-05;0.004116263440860215
2023-07-21;Lateral;1;0.0014474772539288668;0.0007857733664185277
2023-07-24;Indefinido;-1;0.008364235681911825;0.0025133910177173465
2023-07-25;Lateral;1;-0.006307872710363511;0.0013343576887307428
2023-07-26;Lateral;1;-0.0009770793469853032;8.142327891544193e-05
2023-07-27;Lateral;1;-0.0015962018581426758;4.0928252772889126e-05
2023-07-28;Lateral;1;-0.000620989443179466;0.0017801697371144691
2023-07-31;Lateral;1;0.00028576094056172435;0.0015512736773350751
2023-08-01;Lateral;1;-0.005573542067948035;0.00180320478668907
2023-08-02;Lateral;1;-0.00778642936596218;0.0005355745066534833
2023-08-03;Lateral;1;0.0007820217319723412;0.0032927230819888046
2023-08-04;Compra;4;0.011658894070619586;0.00033311125916055963
2023-08-07;Lateral;1;-0.002256204562547004;0.0016294810729506142
2023-08-08;Lateral;1;0.002617138032925285;0.0011397214014352047
2023-08-09;Lateral;1;-0.004244589199411641;0.0003782307207396512
2023-08-10;Lateral;1;-0.0038860103626943004;0.000292495403643657
2023-08-11;Lateral;1;-0.00016827226452399984;0.0030709688275629967
2023-08-14;Lateral;1;-0.0010671903013745412;0.0023051310509690087
2023-08-15;Lateral;1;-0.00784614728583003;8.528420962858727e-05
2023-08-16;Lateral;1;0.00585238516272999;0.0010104837691044587
2023-08-17;Lateral;1;-0.005240912933220625;0.0019442096365173288
2023-08-18;Lateral;1;0.0017902813299232737;0.0018329070758738278
2023-08-21;Lateral;1;-0.0033327636301486926;0.0009827379935053837
2023-08-22;Lateral;1;0.0014052718988204233;0.0017033598773580887
2023-08-23;Lateral;1;0.0014668901927912825;0.001341156747694887
2023-08-24;Lateral;1;-0.006661115736885929;0.00020815986677768527
2023-08-25;Lateral;1;-0.006551971932197658;0.0017753730396922686
2023-08-28;Lateral;1;-0.000932124396237607;0.001991356664689433
2023-08-29;Lateral;1;0.005949139050651473;0.00020947672713561523
2023-08-30;Lateral;1;-0.0018740629685157421;0.0016658337497917708
2023-08-31;Lateral;1;-0.003499599443437197;4.216384871611081e-05
2023-09-01;Lateral;1;0.0014698471358978666;0.0025197379472534855
2023-09-04;Lateral;1;-0.001166618057580934;0.0010832881963251531
2023-09-05;Lateral;1;0.0023140356782228207;0.0006311006395153147
2023-09-06;Venda;7;-0.01030884633114026;8.38117587897582e-05
2023-09-08;Lateral;1;0.0013313291818767446;0.00012883830792355595
2023-09-11;Lateral;1;0.002049092849519744;8.537886872998933e-05
2023-09-12;Lateral;1;0.0009650484622162548;0.0007132966894641883
2023-09-13;Lateral;1;0.003288104553400483;0.0035794555897777406
2023-09-14;Lateral;1;0.0021618026107923837;0.0029101188991435935
2023-09-15;Lateral;1;0.0017049943859940948;0.00012475568678005573
2023-09-18;Lateral;1;0.0061031686313853355;0.0011704706964300643
2023-09-19;Lateral;1;0.0007558261599832039;0.0013017006088599623
2023-09-20;Lateral;1;0.003130086390384375;0.000333875881641
2023-09-21;Lateral;1;0.0034163214758508777;0.00034163214758508773
2023-09-22;Lateral;1;0.0005109209349853111;0.001873376761612807
2023-09-25;Lateral;1;-0.0029981154702758265;0.0005567928730512249
2023-09-26;Lateral;1;0.0004311645755184754;0.003837364722114431
2023-09-27;Lateral;1;-0.0030729279376758276;0.0007357714780350574
2023-09-28;Lateral;1;0.005072840790842872;0.0006070065903572668
2023-09-29;Lateral;1;-0.0018322822566899607;0.0002556672916311573
2023-10-02;Lateral;1;-0.004601754687768794;0.0016342680199552726
2023-10-03;Lateral;1;-0.005764313266588653;4.334070125254627e-05
2023-10-04;Lateral;1;0.001759014951627089;0.0024626209322779246
2023-10-05;Venda;7;-0.011253598534415075;8.723719794120213e-05
2023-10-06;Lateral;1;0.004098908442860325;0.0032523947427043885
2023-10-09;Lateral;1;0.0009217803529101923;0.0021069265209375824
2023-10-10;Lateral;1;0.0018872780303680191;4.289268250836407e-05
2023-10-11;Lateral;1;0.0011140629017053732;0.00029994001199760045
2023-10-13;Lateral;1;-0.0033718895386060013;0.0
2023-10-16;Lateral;1;0.002448032984023364;0.002791616560728397
2023-10-17;Lateral;1;0.007814523788964684;0.0005612641395388999
2023-10-18;Lateral;1;-0.004025523532182776;0.0017986381739540063
2023-10-19;Lateral;1;-0.0013782410198983548;0.0017228012748729434
2023-10-20;Lateral;1;-0.008192457737321196;0.0003901170351105332
2023-10-23;Lateral;1;0.0024459488971391133;0.0011792967896920724
2023-10-24;Lateral;1;-0.002592352559948153;0.0011665586519766689
2023-10-25;Lateral;1;-0.0012164393083673648;4.344426101312017e-05
2023-10-26;Lateral;1;0.004043126684636119;0.0018259281801582471
2023-10-27;Lateral;1;-0.0008598452278589854;0.0021926053310404128
2023-10-30;Lateral;1;-0.003077456547180443;0.000563477959342898
2023-10-31;Lateral;1;0.004030844724851034;0.0013144058885383807
2023-11-01;Lateral;1;0.003977862331373227;8.647526807333103e-05
2023-11-03;Lateral;1;-0.002305306396177383;0.0020957330874339843
2023-11-06;Lateral;1;-0.0010439285117755136;0.0014197427760146986
2023-11-07;Lateral;1;0.0008735077575807995;0.003244457385300112
2023-11-08;Lateral;1;-0.002109355612540326;0.0028951939779965257
2023-11-09;Lateral;1;0.006674681812528502;0.00012437295302848142
2023-11-10;Lateral;1;0.0012793000990425883;0.0009491581379993397
2023-11-13;Lateral;1;-0.0031323414252153485;0.0010303754688208383
2023-11-14;Lateral;1;0.0063175798809379175;0.0009314380593690519
2023-11-16;Lateral;1;-0.002717391304347826;0.0009191176470588235
2023-11-17;Lateral;1;0.0010339205471825664;0.001630413170557124
2023-11-20;Lateral;1;0.0025357581520662467;0.001465985181663299
2023-11-21;Lateral;1;3.952881650723377e-05;0.000869633963159143
2023-11-22;Lateral;1;-0.0013720647614567409;0.0014504684621114117
2023-11-23;Lateral;1;0.00366242665301461;0.000433190249281298
2023-11-24;Lateral;1;0.0027695351137487635;0.0008308605341246291
2023-11-27;Lateral;1;0.00031714568880079284;0.001823587710604559
2023-11-28;Lateral;1;0.0049501029621416125;0.002376049421827974
2023-11-29;Lateral;1;0.000984251968503937;0.001220472440944882
2023-11-30;Lateral;1;-0.004195091351054654;7.84129224496197e-05
2023-12-01;Lateral;1;-3.925262992620505e-05;0.000745799968597896
2023-12-04;Lateral;1;-0.0006647116324535679;0.0025024437927663734
2023-12-05;Lateral;1;-0.003211781755512906;0.00039168070189181777
2023-12-06;Lateral;1;-0.0017301038062283738;0.002005347593582888
2023-12-07;Lateral;1;-0.003077651515151515;0.0009075126262626263
2023-12-08;Indefinido;-1;0.006148597723035424;0.0029751279305010115
2023-12-11;Lateral;1;-0.0010619469026548673;0.0008652900688298919
2023-12-12;Lateral;1;-0.003904401325130147;0.0017747278750591575
2023-12-13;Lateral;1;-0.0021288125096764203;0.0010063477318470351
2023-12-14;Lateral;1;-0.000225589352182577;0.0025190810993721098
2023-12-15;Lateral;1;-0.006528835690968444;0.00018761022100484035
2023-12-18;Lateral;1;3.764918489514702e-05;0.0020707051692330863
2023-12-19;Lateral;1;0.0003361093475744109;0.001045673525787056
2023-12-20;Lateral;1;-0.0054364015490020855;0.00011170688114387846
2023-12-21;Lateral;1;-0.0005608524957936063;0.0034398953075341185
2023-12-22;Lateral;1;-0.0021969838018990875;0.0006330292310556693
2023-12-26;Lateral;1;3.6971310263235726e-05;0.0021443359952676723
2023-12-27;Lateral;1;0.0009978195794375254;0.0008130381758379837
2023-12-28;Lateral;1;0.0005530157793835717;0.0012166347146438578
2024-01-02;Lateral;1;0.002928637627432808;0.0004077849860982391
2024-01-03;Lateral;1;0.002728461969725285;0.00011212857409829938
2024-01-04;Lateral;1;-0.0029571401834175555;0.00014972861688190156
2024-01-05;Lateral;1;0.0011652821110401082;0.0025936924407021764
2024-01-08;Lateral;1;0.0027907678382863175;0.0004525569467491326
2024-01-09;Lateral;1;-0.003232839636117585;0.0004886850612735884
2024-01-10;Lateral;1;-0.003058565872446475;0.000377600724993392
2024-01-11;Lateral;1;0.0011395145667945454;0.0006077411022904243
2024-01-12;Lateral;1;0.0009441444163299219;0.0010952075229427093
2024-01-15;Lateral;1;0.0004936208991494532;0.0011391251518833535
2024-01-16;Lateral;1;-0.0037327645311190675;0.0022472766054696426
2024-01-17;Lateral;1;0.0010797470306956657;0.0010411846367422489
2024-01-18;Lateral;1;-0.0017815646785437646;0.001975213013168087
2024-01-19;Lateral;1;-0.0047936396585993215;7.7945360302428e-05
2024-01-22;Indefinido;-1;0.0007397889654635362;0.005723630417007359
2024-01-23;Lateral;1;-0.0017150652894172675;0.0007405963749756383
2024-01-24;Lateral;1;-0.0056934025774187345;0.0010771302173494903
2024-01-25;Lateral;1;0.0031821180488183476;0.0017462842950832396
2024-01-26;Lateral;1;0.0025625097064761607;0.0028731169436247866
2024-01-29;Lateral;1;-0.004482572068938867;0.0006182858026122575
2024-01-30;Lateral;1;-0.000429000429000429;0.000741000741000741
2024-01-31;Lateral;1;0.0020191038285314903;0.0008930651549273899
2024-02-01;Lateral;1;0.0003117692907248636;0.0016367887763055339
2024-02-02;Lateral;1;-0.0018032851150574308;0.0017248814144027599
2024-02-05;Lateral;1;-0.0036721618876474726;0.000664114383936245
2024-02-06;Lateral;1;0.0017349732043027335;0.0029301769672668387
2024-02-07;Lateral;1;0.000846642293630941;0.0021550894746969404
2024-02-08;Lateral;1;-0.0075474604335939;0.0002695521583426393
2024-02-09;Lateral;1;-0.0030667701863354036;0.0002329192546583851
2024-02-15;Lateral;1;0.0005801361386138614;0.002281868811881188
2024-02-16;Lateral;1;0.0003075858356722673;0.0005382752124264678
2024-02-19;Lateral;1;0.0014586772100879046;0.0010364285440098268
2024-02-20;Lateral;1;0.0038512869399428026;0.0003431839847473785
2024-02-21;Lateral;1;0.0009499202067026369;0.00041796489094916026
2024-02-22;Lateral;1;-0.0018122781847013517;0.0008306275013214528
2024-02-23;Lateral;1;-0.003861150017034485;0.0
2024-02-26;Lateral;1;-0.0014043877628482503;0.0001897821301146284
2024-02-27;Lateral;1;0.0018081139111764042;0.0007910498361396768
2024-02-28;Lateral;1;-0.0022964273613673156;0.000263524451304446
2024-02-29;Lateral;1;-0.0014882655981682885;0.0007250524709024995
2024-03-01;Lateral;1;-0.0038614467043890503;0.001835142988224499
2024-03-04;Lateral;1;-0.004594532506317482;0.00030630216708783217
2024-03-05;Lateral;1;0.0;0.000693134121452501
2024-03-06;Lateral;1;-0.0014943101268247827;0.0004981033756082608
2024-03-07;Lateral;1;-0.004495159059474412;0.00034578146611341634
2024-03-08;Lateral;1;0.0009000900090009;0.0010174930536531914
2024-03-11;Lateral;1;0.004744167810233287;0.0005097039796118408
2024-03-12;Lateral;1;0.001092896174863388;0.002302888368462139
2024-03-13;Lateral;1;-0.0027042688815916553;0.0006567510141008305
2024-03-14;Lateral;1;0.002642521276182334;0.00031088485602145103
2024-03-15;Lateral;1;-0.0029611158731395622;0.00031169640769890126
2024-03-18;Lateral;1;-0.003599514847998748;0.0014476309714777573
2024-03-19;Lateral;1;0.0030794418024479614;0.0014422702112730959
2024-03-20;Lateral;1;-0.0027176022983150866;0.00015529155990371923
2024-03-21;Lateral;1;-0.0011200370770894485;3.862196817549822e-05
2024-03-22;Lateral;1;-0.0012850967716811403;0.0011293274660228202
2024-03-25;Lateral;1;-0.0004305620792234226;0.0017222483168936903
2024-03-26;Lateral;1;-0.0003525402483450194;0.0018802146578401034
2024-03-27;Lateral;1;0.00137524557956778;0.003300589390962672
2024-03-28;Lateral;1;0.0015559964212082313;0.00023339946318123468
2024-04-01;Lateral;1;-0.004083378704207824;7.777864198491094e-05
2024-04-02;Lateral;1;-0.0016458325169481562;0.001763391982444453
2024-04-03;Lateral;1;0.0006306412833550116;0.002088999251113476
2024-04-04;Lateral;1;-0.005021825626762468;0.0026654305249739253
2024-04-05;Lateral;1;-0.001961861414109707;0.0007455073373616888
2024-04-08;Lateral;1;0.0015567230978789648;0.0019069857949017318
2024-04-09;Lateral;1;3.850745119180561e-05;0.002772536485810004
2024-04-10;Lateral;1;-0.001855574454925004;0.0006185248183083346
2024-04-11;Lateral;1;-0.0010967918837400603;0.00023502683223001293
2024-04-12;Lateral;1;-0.004978244678766022;0.001724746187918937
2024-04-15;Lateral;1;-0.0019011406844106464;0.0008713561470215463
2024-04-16;Lateral;1;0.0029000684738389655;0.0006444596608531035
2024-04-17;Lateral;1;-0.0016648828635985255;0.0008324414317992627
2024-04-18;Lateral;1;-0.0023307260804298017;0.0019751915935845776
2024-04-19;Lateral;1;0.0020515248352862272;0.0024065964413934587
2024-04-22;Lateral;1;0.002334322453016815;0.0005934718100890207
2024-04-23;Lateral;1;-0.000989981388349899;0.0017423672434958223
2024-04-24;Lateral;1;-0.0003953037909633553;0.0020160493339131122
2024-04-25;Lateral;1;0.0036723614881047422;0.00035925275427111606
2024-04-26;Lateral;1;0.00011745820445558122;0.0012920402490113935
2024-04-29;Lateral;1;0.0008189050070191858;0.0015208235844642022
2024-04-30;Lateral;1;-0.0031675269826372597;0.0011731581417175035
2024-05-02;Lateral;1;0.00019482543640897756;0.003428927680798005
2024-05-03;Lateral;1;0.0008480783315986276;0.0011950194672526117
2024-05-06;Lateral;1;-0.000268579979280973;0.0010359513486551818
2024-05-07;Lateral;1;0.0036051238781928357;0.0008437523970238552
2024-05-08;Lateral;1;-0.0004992511233150275;0.0015745612350704713
2024-05-09;Lateral;1;0.0022961665693714732;0.0007005253940455342
2024-05-10;Lateral;1;-0.003632148377125193;0.000579598145285935
2024-05-13;Lateral;1;-0.0031231925968768074;0.0003470213996529786
2024-05-14;Lateral;1;0.003050428604525446;0.0005791953046567302
2024-05-15;Lateral;1;0.0022609441390870465;0.0031965072311230655
2024-05-16;Lateral;1;0.002989362528146595;0.0006988120195667365
2024-05-17;Lateral;1;0.0022168637212196638;0.00011667703795892968
2024-05-20;Lateral;1;0.005139586496904568;0.0005840439201027917
2024-05-21;Lateral;1;-0.0001168907071887785;0.003389830508474576
2024-05-22;Lateral;1;-0.0022018637203633077;0.0003145519600519011
2024-05-23;Lateral;1;-0.0033834885757503385;0.0006368919672000636
2024-05-24;Lateral;1;0.0013954786491766676;0.00023922491128742872
2024-05-27;Lateral;1;-0.00012024048096192385;0.0008817635270541082
2024-05-28;Lateral;1;-0.0012379697296433848;0.0005590831037099157
2024-05-29;Lateral;1;0.001541832346019638;0.0006897671021666802
2024-05-31;Lateral;1;-0.002809675054971903;0.0010179982083231534
2024-06-03;Lateral;1;0.005249989746113777;0.001435544071202986
2024-06-04;Lateral;1;-0.000576036866359447;0.002139565503620803
2024-06-05;Lateral;1;0.0007789119829459271;0.004181527487393925
2024-06-06;Lateral;1;0.0017550304069221664;0.0027753969225745886
2024-06-07;Lateral;1;0.0012296593843505348;0.00045087510759519615
2024-06-10;Lateral;1;0.001197654249607665;0.0006194763360039647
2024-06-11;Lateral;1;0.002930735573350945;0.0001651118632873772
2024-06-12;Lateral;1;0.00032781511227667593;0.0025815440091788234
2024-06-13;Lateral;1;-0.0018517756470927123;0.001152215958191021
2024-06-14;Lateral;1;0.006707519046041736;0.001324942033786022
2024-06-17;Lateral;1;-0.0019452032116546644;0.00012416190712689348
2024-06-18;Lateral;1;-0.0031614386598784695;0.00045163409426835275
2024-06-19;Lateral;1;0.0016155088852988692;0.0004556563522637836
2024-06-20;Lateral;1;-0.005234539847427366;0.0009332900503165071
2024-06-21;Lateral;1;-0.0008946362490341995;0.0013826196575983084
2024-06-24;Lateral;1;-0.0008041170794467674;0.0006834995175297523
2024-06-25;Lateral;1;-0.0009677029152050321;0.0011289867344058708
2024-06-26;Lateral;1;0.000649772579597141;0.0003248862897985705
2024-06-27;Lateral;1;-0.005309593197333227;0.0007984350672681544
2024-06-28;Lateral;1;0.005725496476617553;0.0014413837283792441
2024-07-01;Lateral;1;0.001783449587824984;0.003923589093214965
2024-07-02;Lateral;1;-0.002365557483046838;0.0010250749093202965
2024-07-03;Lateral;1;0.0019220962617189032;0.0
2024-07-04;Lateral;1;-0.001292951455549896;0.0015672138855150257
2024-07-05;Lateral;1;0.0005901794145420207;0.0013377400062952471
2024-07-08;Lateral;1;-0.004940207802391688;0.001215447951382082
2024-07-09;Lateral;1;0.0016827769733495088;0.0018001800180018
2024-07-10;Lateral;1;0.0001559332605644784;0.0012474660845158273
2024-07-11;Lateral;1;0.0002708978328173375;0.0025928792569659444
2024-07-12;Lateral;1;0.00019288635136177764;0.0010030090270812437
2024-07-15;Lateral;1;0.0013462056232932036;0.0009615754452094312
2024-07-16;Lateral;1;0.000345476181336609;0.0015354496948293732
2024-07-17;Lateral;1;0.0009981955695473567;0.0025722731984489577
2024-07-18;Lateral;1;-0.0030861816217884423;0.0005786590540853329
2024-07-19;Lateral;1;-0.0016279069767441861;0.0017441860465116279
2024-07-22;Lateral;1;0.004326136097903188;0.0006235871852833425
2024-07-23;Lateral;1;-0.00011739385638818235;0.001721776560360008
2024-07-24;Lateral;1;0.002794395465994962;0.0005903652392947104
2024-07-25;Lateral;1;0.0010281149907074222;0.0011467436434813556
2024-07-26;Lateral;1;0.002247102420562958;0.0005519198927698494
2024-07-29;Lateral;1;-0.0022745990038825054;0.00047060669045844935
2024-07-30;Lateral;1;0.00023648116033422672;0.0014583004887277313
2024-07-31;Lateral;1;0.0003918034713787564;0.00023508208282725385
2024-08-01;Lateral;1;-0.0029835709857408558;0.002208617482951023
2024-08-02;Lateral;1;-0.004244949296438959;0.0021617797342976183
2024-08-05;Lateral;1;0.002252614641995173;0.002574416733708769
2024-08-06;Lateral;1;-0.0022653207217232336;0.0014704713456799936
2024-08-07;Lateral;1;-0.0030964606279151805;0.0
2024-08-08;Lateral;1;0.0017527459686842721;0.0003505491937368544
2024-08-09;Lateral;1;0.0035567927008428053;0.0013144668677027758
2024-08-12;Lateral;1;0.001979293544457978;0.0004186967113276492
2024-08-13;Lateral;1;0.0003026405387001589;0.0012862222894756753
2024-08-14;Lateral;1;0.0006668148477439431;0.0009631770022968067
2024-08-15;Lateral;1;0.0019101495059324835;0.0006979392425522536
2024-08-16;Lateral;1;-0.003397384379338058;0.0005844962373054724
2024-08-19;Lateral;1;0.0010561200335044976;0.0004005972540879129
2024-08-20;Lateral;1;0.0;0.002178570131803493
2024-08-21;Lateral;1;-0.0024128493229616825;0.00054019014693172
2024-08-22;Lateral;1;-0.0005808887598024978;0.0011617775196049957
2024-08-23;Lateral;1;0.006109757428083063;0.00036367603738589663
2024-08-26;Lateral;1;-0.0007578765022194955;0.0017683785051788227
2024-08-27;Lateral;1;0.0015865003245114301;0.0009735342900411048
2024-08-28;Lateral;1;0.004425420777713291;0.00021764364480557168
2024-08-29;Lateral;1;-0.002962320725407319;0.00039738448755464035
2024-08-30;Lateral;1;0.00492772667542707;0.00036501679077237555
2024-09-02;Lateral;1;0.0005501760563380282;0.0014304577464788733
2024-09-03;Lateral;1;0.0004409495112809583;0.002021018593371059
2024-09-04;Lateral;1;0.005485324033711131;0.0011624527753560012
2024-09-05;Lateral;1;-0.0011977351916376306;0.0013066202090592336
2024-09-06;Lateral;1;-0.006040097514827348;0.0009460393697922352
2024-09-09;Lateral;1;-0.00025655121861828845;0.0012461059190031153
2024-09-10;Lateral;1;-0.0002957048865232498;0.0012197826569084055
2024-09-11;Lateral;1;-0.0026918396696043365;0.0025443416055164277
2024-09-12;Lateral;1;-0.0027004032108903933;0.001183738393814967
2024-09-13;Lateral;1;0.0011324614597793526;0.0024841090085482576
2024-09-16;Lateral;1;-0.0021586418849699985;0.0006951558612615249
2024-09-17;Lateral;1;0.00048007681228996637;0.00033236087004689984
2024-09-18;Lateral;1;-0.002437403057832927;0.0015141443238053031
2024-09-19;Lateral;1;-0.0021860758086627886;0.0011486161028567193
2024-09-20;Lateral;1;-0.00469060752748696;0.00018762430109947842
2024-09-23;Lateral;1;0.0016767014709244722;0.002743693316058227
2024-09-24;Lateral;1;-0.006405214068996516;0.0002622017455144773
2024-09-25;Lateral;1;-0.0008646941614346404;0.0013158389413135832
2024-09-26;Lateral;1;-0.003265643181562254;0.0014263728839007544
2024-09-27;Lateral;1;0.001902133373116515;0.0011189019841861853
2024-09-30;Lateral;1;0.002629601803155522;0.0011269722013523666
2024-10-01;Lateral;1;0.004962592578668371;0.0013910297379600737
2024-10-02;Lateral;1;-0.0032217449266775293;0.003406902681084284
2024-10-03;Lateral;1;-0.0052540066525551855;0.0006047777441790142
2024-10-04;Lateral;1;-7.577192650123129e-05;0.002538359537791248
2024-10-07;Lateral;1;-0.0012423295561495313;0.004028159469939389
2024-10-08;Lateral;1;-0.0004181396586459878;0.00030410156992435476
2024-10-09;Lateral;1;-0.00022963870177587263;3.827311696264544e-05
2024-10-10;Lateral;1;0.0011901562559987714;0.0002303528237416977
2024-10-11;Lateral;1;0.0030885645896069802;0.0005404988031812216
2024-10-14;Lateral;1;0.0035380533015421296;0.002115140560704534
2024-10-15;Lateral;1;0.004525754612050781;0.0005753077896674721
2024-10-16;Lateral;1;0.004886115913703676;0.0007141246335413064
2024-10-17;Lateral;1;0.0015093200513168817;0.0004527960153950645
2024-10-18;Lateral;1;0.0011328877308258753;0.002152486688569163
2024-10-21;Lateral;1;-0.0018092043270136822;0.0014322867588858316
2024-10-22;Lateral;1;0.0014483915230980333;0.0016770849214819332
2024-10-23;Lateral;1;-0.0035073005222827952;0.00038122831763943424
2024-10-24;Lateral;1;0.002443680794196258;0.002367315769377625
2024-10-25;Lateral;1;0.002123705866737457;0.0008343130190754294
2024-10-28;Lateral;1;0.00015051740357478833;0.001956726246472248
2024-10-29;Lateral;1;-0.00033818058843422386;0.0012399954909254876
2024-10-30;Lateral;1;-0.002036122318162965;0.00045247162625843674
2024-10-31;Lateral;1;-0.0013639980297806237;0.002803773727882393
2024-11-01;Lateral;1;-0.0029032011612804645;0.0004966001986400795
2024-11-04;Lateral;1;0.0034318398474737846;0.0002669208770257388
2024-11-05;Lateral;1;-0.0018232925624857555;0.0020132188710780216
2024-11-06;Lateral;1;-0.003324290244927592;0.0009552558175079287
2024-11-07;Lateral;1;-0.004828184527177398;0.0008298442156086153
2024-11-08;Lateral;1;-0.003442141089108911;0.0012376237623762376
2024-11-11;Lateral;1;-0.0019428793471925393;0.0006217213911016126
2024-11-12;Lateral;1;0.002723629430761449;0.0008170888292284347
2024-11-13;Lateral;1;-0.004391931283765401;0.0016323992382136889
2024-11-14;Lateral;1;0.0011630611770179111;0.0007366054121113437
2024-11-18;Lateral;1;-0.0005054628873595396;0.005093510634161515
2024-11-19;Lateral;1;0.0023686560789034287;0.0002718129926610492
2024-11-21;Lateral;1;-0.001095890410958904;0.0018395303326810175
2024-11-22;Lateral;1;0.002186219012297482;0.000351356626976381
2024-11-25;Lateral;1;0.0010019653936567882;0.0011561139157578327
2024-11-26;Lateral;1;0.0006520905255082471;0.002454929037207518
2024-11-27;Lateral;1;0.0018423274737084517;0.000997927381592078
2024-11-28;Lateral;1;-0.003460343675042271;0.0005505092210294523
2024-11-29;Lateral;1;0.004289436760873923;0.002565644417718982
2024-12-02;Lateral;1;0.002309560785250667;0.0022299207581730576
2024-12-03;Lateral;1;-0.0011079893949586482;0.0006331367971192276
2024-12-04;Lateral;1;0.0031594328817977175;0.0006713794873820149
2024-12-05;Lateral;1;0.0020307740373349996;0.0012887604467702882
2024-12-06;Lateral;1;-0.006932748423485175;0.00019584035094590888
2024-12-09;Lateral;1;0.0016099265716417325;0.0004319315192209526
2024-12-10;Lateral;1;0.0006624581092666199;0.0015587249629802822
2024-12-11;Lateral;1;-0.003467487435228114;0.0021817898468851054
2024-12-12;Lateral;1;-0.0023116404811346627;3.918034713787564e-05
2024-12-13;Lateral;1;-0.0023824650571791614;0.0013897712833545108
2024-12-16;Lateral;1;-0.0006411026966382178;0.0003205513483191089
2024-12-17;Lateral;1;-0.004699738903394256;0.0004820245029122314
2024-12-18;Lateral;1;-0.005335881814199817;0.0014335204873969656
2024-12-19;Lateral;1;0.0012567907240736236;0.0021081650855428527
2024-12-20;Lateral;1;0.002570903897163844;8.161599673536013e-05
2024-12-23;Lateral;1;-0.0037008418398470863;0.0017080808491601936
2024-12-26;Lateral;1;0.0033982967572879137;0.0006960366852276449
2024-12-27;Lateral;1;0.0020889653477512904;4.0960104857868435e-05
2024-12-30;Lateral;1;-0.0021715081738845413;0.0016798459458352113
2025-01-02;Lateral;1;0.003358069731768998;0.002528916711579122
2025-01-03;Lateral;1;-0.0038019671047193984;0.0001239771881973717
2025-01-06;Lateral;1;0.002149204381070469;0.003554453399462699
2025-01-07;Lateral;1;0.0013915036424654171;0.0008594581321109928
2025-01-08;Lateral;1;-0.00144610172292691;0.0015700532991777879
2025-01-09;Lateral;1;0.0005795901469675016;0.002194162699234113
2025-01-10;Lateral;1;-0.0018713353017008358;0.0013307273256539277
2025-01-13;Lateral;1;0.003755006675567423;0.0018775033377837116
2025-01-14;Lateral;1;-0.004537885095753539;4.1631973355537055e-05
2025-01-15;Lateral;1;-0.002542859486506439;0.0006972356656549913
2025-01-16;Lateral;1;-0.0018740324289089872;0.002199951112197507
2025-01-17;Lateral;1;0.007996063476442368;0.0006560872596055276
2025-01-20;Lateral;1;0.007243133265513733;0.0007324516785350967
2025-01-21;Lateral;1;-0.0015392716814517763;0.0006886215417021104
2025-01-22;Lateral;1;-0.0010478378269455526;0.0028211018417764883
2025-01-23;Lateral;1;-0.005265484947144178;0.0008842799147875718
2025-01-24;Lateral;1;-0.004010532712173384;0.00024306258861656876
2025-01-27;Lateral;1;0.00128783000643915;0.0006841596909207985
2025-01-28;Lateral;1;4.00368338871762e-05;0.0003603315049845858
2025-01-29;Lateral;1;0.0009245116166894444;0.0022107886486051934
2025-01-30;Lateral;1;0.00486598596043395;0.0015156349712827058
2025-01-31;Lateral;1;-0.0012522011348072785;0.0018783017022109176
2025-02-03;Lateral;1;0.00043590251634634437;0.0008718050326926887
2025-02-04;Lateral;1;0.0039558858786861665;0.001078877966914409
2025-02-05;Lateral;1;-3.98628717212788e-05;0.0011560232799170853
2025-02-06;Lateral;1;0.000556549393758696;0.002146690518783542
2025-02-07;Lateral;1;-0.005057889121586913;0.00031611807009918205
2025-02-10;Lateral;1;-0.004791509919613511;0.00015839702213598384
2025-02-11;Lateral;1;-0.0009085881330489058;0.0033973295409654735
2025-02-12;Lateral;1;0.0008660053534876398;0.0013383719099354433
2025-02-13;Lateral;1;-0.00035575934856510395;0.0006719898806229742
2025-02-14;Lateral;1;0.002843786521231009;0.0006232956758862485
2025-02-17;Lateral;1;0.002554521885008388;0.0006862894616440446
2025-02-18;Lateral;1;0.0012228208949520425;0.0015667392716573044
2025-02-19;Lateral;1;-0.002229054573405073;0.0004611837048424289
2025-02-20;Lateral;1;0.0029360633571566546;0.0009271779022599962
2025-02-21;Lateral;1;-0.002896983274749894;0.00015450577465332766
2025-02-24;Lateral;1;-0.0016666020696872214;0.0020154257586915236
2025-02-25;Lateral;1;0.003709778194314277;0.0007419556388628554
2025-02-26;Lateral;1;-0.0029007094978636665;0.001724746187918937
2025-02-27;Lateral;1;0.0;0.001662444585180494
2025-02-28;Lateral;1;-0.0031683168316831685;0.001188118811881188
2025-03-06;Lateral;1;-0.0006415139729762239;0.0019245419189286718
2025-03-07;Lateral;6;0.009916094584286803;0.0004817535830422739
2025-03-10;Lateral;1;0.00011964584828906437;0.003788785195820372
2025-03-11;Lateral;1;-0.003957467220978574;0.0011192836584585865
2025-03-12;Lateral;1;-0.0029573974902086164;0.00019982415474382542
2025-03-13;Compra;4;0.01259093452714046;0.00039971220721080823
2025-03-14;Lateral;5;0.009431388596593787;0.001792743286955844
2025-03-17;Lateral;1;0.0042887229561554665;0.0003829216925138809
2025-03-18;Lateral;1;0.0011741979470474603;0.00026514147191394264
2025-03-19;Lateral;1;0.0020616238098808007;0.00018742034635280006
2025-03-20;Lateral;1;0.00037418147801683815;0.0029560336763330215
2025-03-21;Lateral;1;-0.00015007128385983342;0.0034891573497411272
2025-03-24;Lateral;1;0.001466496202150861;0.0009024592013236069
2025-03-25;Lateral;1;0.0038942559724406503;0.0004867819965550813
2025-03-26;Lateral;1;-0.0010866714130475512;0.0029977142428897967
2025-03-27;Lateral;1;-0.0007848120188354885;0.001569624037670977
2025-03-28;Lateral;1;-0.008104153378606536;3.7519228604659885e-05
2025-03-31;Lateral;1;0.0006089670396589784;0.000723148359595037
2025-04-01;Lateral;1;0.005023595676663115;0.001978992236261227
2025-04-02;Lateral;1;0.002859975594874924;0.0017922513727882856
2025-04-03;Lateral;1;-0.002980007544322897;0.004375707280271595
2025-04-04;Lateral;1;-0.005702456743350389;3.905792289966019e-05
2025-04-07;Indefinido;-1;0.013223930534533577;0.0012745957141719112
2025-04-08;Indefinido;-1;-0.009410560302397921;0.003858723471276135
2025-04-09;Lateral;1;-0.004217714400482024;0.004539064069090179
2025-04-10;Lateral;1;-0.0011037092514486185;0.004099491505380582
2025-04-11;Lateral;1;-0.002559155872278436;0.0024016693570613015
2025-04-14;Lateral;1;-0.002052195461937582;0.0035623015565708974
2025-04-15;Lateral;1;-0.0039307873135766315;0.0019268565262630544
2025-04-16;Lateral;1;-0.002060360944713648;0.003319470410927544
2025-04-17;Lateral;1;0.00099123141441098;0.002249332825009531
2025-04-22;Lateral;1;0.007526799969588687;0.0011404242378164678
2025-04-23;Lateral;1;0.0012554464219776973;0.0030278413706520935
2025-04-24;Lateral;1;0.002293069013980324;0.0017752792366299282
2025-04-25;Lateral;1;0.004280070237050044;0.0003658179689786362
2025-04-28;Lateral;1;0.0019631366561238955;0.0004726069727705675
2025-04-29;Lateral;1;0.005085915646456207;0.0009808551603879827
2025-04-30;Lateral;1;-0.0025621316935690495;0.0013542696094579261
2025-05-02;Lateral;1;0.0021561175266773865;0.00321590410758661
2025-05-05;Lateral;1;-0.003262702544174793;0.00047657452892440797
2025-05-06;Lateral;1;-0.001289561917394348;0.0028370362182675657
2025-05-07;Lateral;1;-0.0004076187652857037;0.0011116875416882829
2025-05-08;Lateral;1;-0.0012249603689292404;0.00014411298457991066
2025-05-09;Lateral;1;-0.0017650660999243544;0.0019091531284896076
2025-05-12;Lateral;1;-0.00025262550073983184;0.002851059222635245
2025-05-13;Lateral;1;0.004266915271253899;0.0005378464627630965
2025-05-14;Lateral;1;-0.0020964360587002098;0.000888320363856021
2025-05-15;Lateral;1;-0.0005698208625663307;0.003881904626233128
2025-05-16;Lateral;1;-0.0036095922232943782;0.00010721561059290233
2025-05-19;Lateral;1;0.0015602283606964292;0.0015247686252260557
2025-05-20;Lateral;1;-7.104038645970234e-05;0.0013142471495044934
2025-05-21;Lateral;1;-0.004619594186418393;0.0005330300984328915
2025-05-22;Lateral;1;0.0036752783482866718;0.0004323856880337261
2025-05-23;Lateral;1;0.007737791079640849;0.0
2025-05-26;Lateral;1;-0.002544894082225169;0.000609340836589125
2025-05-27;Lateral;1;0.002238965100575734;0.00042646954296680646
2025-05-28;Lateral;1;7.137504014846008e-05;0.002712251525641483
2025-05-29;Lateral;1;0.0036998455404288946;0.00046697079636481197
2025-05-30;Lateral;1;-0.0014831428158008971;0.000470264795253943
2025-06-02;Lateral;1;-0.0017374936653876782;0.0008687468326938391
2025-06-03;Lateral;1;0.005654045378273875;0.0016414970453053185
2025-06-04;Lateral;1;-0.0033806869268117245;0.0037762992267577774
2025-06-05;Lateral;1;-0.0013792102206736353;0.00025406504065040653
2025-06-06;Lateral;1;-0.006627822286962855;0.0010924981791697013
2025-06-09;Lateral;1;0.004718733744519581;0.00022293230289068886
2025-06-10;Lateral;1;0.00021851555102338116;0.001056158496613009
2025-06-11;Lateral;1;-0.0017163933827557243;0.0036519008143738817
2025-06-12;Lateral;1;0.0013856476079346558;0.0003281796966161027
2025-06-13;Lateral;1;-0.0007645259938837921;0.001128585990971312
2025-06-16;Lateral;1;0.0035823034210997673;0.0013612753000179115
2025-06-17;Lateral;1;-0.003874995515051487;0.0005023142334326002
2025-06-18;Lateral;1;0.0032949512843224093;3.54295837023915e-05
2025-06-20;Lateral;1;-0.005134788189987163;0.0012123805448580802
2025-06-23;Lateral;1;0.0009354873529305941;0.001223329615370777
2025-06-24;Lateral;1;0.007647840292987685;0.00021543212092923054
2025-06-25;Lateral;1;-0.0002526984585394029;0.0023464856864373125
2025-06-26;Lateral;1;0.0032757379409647227;0.0007199424046076314
2025-06-27;Lateral;1;-0.0005391804457225018;0.0022645578720345075
2025-06-30;Lateral;1;0.0007847053787986874;0.001747752889142531
2025-07-01;Lateral;1;3.5378192881907595e-05;0.0018042878369772873
2025-07-02;Lateral;1;0.0009950956002558818;0.002061269457672898
2025-07-03;Lateral;1;-0.0020981221806483197;0.0021680595866699305
2025-07-04;Lateral;1;0.0012589613568805736;3.497114880223815e-05
2025-07-07;Lateral;1;-0.0024896556560768637;0.00010519671786240269
2025-07-08;Lateral;1;-0.00035423308537017357;0.0013106624158696423
2025-07-09;Lateral;1;-0.0022492770181013247;0.0011067871041450961
2025-07-10;Lateral;1;0.0016670894792157431;0.001703330554850868
2025-07-11;Lateral;1;0.002075368651010377;0.0012743491716730383
2025-07-14;Lateral;1;-0.004196773958105248;0.00010948105977665864
2025-07-15;Lateral;1;-0.0011369471136213598;0.0006234871268246167
2025-07-16;Lateral;1;-0.0026452110657996255;0.0020573863845108195
2025-07-17;Lateral;1;0.0036281012936563196;0.0013926045369589914
2025-07-18;Lateral;1;-0.001837424665588711;0.00235190357195355
2025-07-21;Lateral;1;0.003400103481410304;0.0012565599822603297
2025-07-22;Lateral;1;0.0009922457829554224;0.0015434934401528794
2025-07-23;Lateral;1;0.003358057492896417;0.00011070519207350825
2025-07-24;Lateral;1;0.003083782277540405;0.0004830020434701839
2025-07-25;Lateral;1;-0.0006693191536831146;0.0030491205890008552
2025-07-28;Lateral;1;0.0009755731492251697;0.0012757495028329143
2025-07-29;Lateral;1;0.0027797603395815335;0.00026295030239284776
2025-07-30;Lateral;1;-0.004126960306145419;0.0011255346289487506
2025-07-31;Lateral;1;-0.0017997750281214847;0.0010873640794900638
2025-08-01;Lateral;1;-0.00048545502072519514;0.0036595840023899325
2025-08-04;Lateral;1;0.0019474926032732856;0.00044942136998614283
2025-08-05;Lateral;1;-0.006078233956072641;0.0013797218182496178
2025-08-06;Lateral;1;-0.004394062476921941;0.00011077468429214977
2025-08-07;Lateral;1;0.0009543385699603582;0.0025693730729701952
2025-08-08;Lateral;1;0.004158998895841001;0.0004048582995951417
2025-08-11;Lateral;1;0.0012154696132596686;0.0016574585635359116
2025-08-12;Lateral;1;0.0017792302106027595;0.0010167029774872912
2025-08-13;Lateral;1;-0.001175674231358438;0.0011400477394990915
2025-08-14;Lateral;1;0.0066745613090752505;0.0007176947644166936
2025-08-15;Lateral;1;-0.00032340364368105214;0.0017248194329656113
2025-08-18;Lateral;1;0.006701067870708808;0.0
2025-08-19;Lateral;1;-0.003697795823665893;0.00021751740139211136
2025-08-20;Lateral;1;-0.0017136398439493929;0.0012761147774091224
2025-08-21;Lateral;1;-0.0005110981308411214;0.001679322429906542
2025-08-22;Indefinido;-1;0.013540422142572681;0.0
2025-08-25;Lateral;1;0.002235707441711913;0.0015969338869370809
2025-08-26;Lateral;1;-0.004522792022792023;0.00021367521367521368
2025-08-27;Lateral;1;0.0005716123039548426;0.0013933049908899289
2025-08-28;Lateral;1;0.003653953229398664;0.00010439866369710468
2025-08-29;Lateral;1;0.0024305555555555556;0.0004166666666666667
2025-09-01;Lateral;1;-0.002778646104685492;0.0006599284498628044
2025-09-02;Lateral;1;0.001295699677826026;0.0005603025633842274
2025-09-03;Lateral;1;0.002854223193206244;0.00031713591035624933
2025-09-04;Lateral;1;0.0007734767781176388;0.0023204303343529165
2025-09-05;Lateral;1;-0.0077076594866148235;0.0010666850182368729
2025-09-08;Lateral;1;-0.0033020507473062216;0.00038234271810914147
2025-09-09;Lateral;1;0.0010440229685053071;0.0004524099530189664
2025-09-10;Lateral;1;-0.00010383856564327991;0.0032189955349416774
2025-09-11;Lateral;1;0.004210671636639746;0.0002761096155173604
2025-09-12;Lateral;1;-0.003524168192654528;0.001071070725218533
2025-09-15;Lateral;1;0.002694393588724999;0.0030398286642025632
2025-09-16;Lateral;1;-0.00010307861462341947;0.001202583837273227
2025-09-17;Lateral;1;-0.0012944983818770227;0.00023846022824050418
2025-09-18;Lateral;1;0.0008190567196778377;0.00027301890655927923
2025-09-19;Lateral;1;0.0004761580844840487;0.0011223726277124005
2025-09-22;Lateral;1;-0.004347230779763127;0.00010269049086054631
2025-09-23;Lateral;1;0.003944236654199252;0.0008160489629377763
2025-09-24;Lateral;1;-0.0008814156891992677;0.00254254525730558
2025-09-25;Lateral;1;0.00047669311178453474;0.0024175150669072834
2025-09-26;Lateral;1;-0.0005123650771963383;0.002391037026916245
2025-09-29;Lateral;1;-0.0022004807204035345;0.0006093638918040557
2025-09-30;Lateral;1;-0.005919962112242482;0.00013531341970839957
2025-10-01;Lateral;1;-0.004723392687236645;0.00037379366589642516
2025-10-02;Venda;7;-0.009689789769225502;0.0
2025-10-03;Lateral;1;-0.0012445550715619166;0.0013482679941920763
2025-10-06;Lateral;1;-0.0001038781163434903;0.0012119113573407201
2025-10-07;Lateral;1;-0.001651382593724746;0.00035135799866483963
2025-10-08;Lateral;1;0.00246071642000914;0.0005624494674306605
2025-10-09;Lateral;1;-0.0010876429724229878;0.0010525577152480528
2025-10-10;Lateral;1;-0.001586909757731777;0.0033501428218781957
2025-10-13;Lateral;1;-0.0003869969040247678;0.0013720799324514494
2025-10-14;Lateral;1;0.0010564868291308635;0.0010212706014931681
2025-10-15;Lateral;1;0.0026101590136346463;0.0008242607411477831
2025-10-16;Lateral;1;0.0042024043264097;0.0017222968550859427
2025-10-17;Lateral;1;0.0010631730571369778;0.001783387063584608
2025-10-20;Lateral;1;0.002718222282627162;3.3977778532839525e-05
2025-10-21;Lateral;1;0.001495022255444939;0.0023104889402330874
2025-10-22;Lateral;1;0.002106407555887749;0.0007134606237684311
2025-10-23;Lateral;1;-0.0004043399150886178;0.001246714738189905
2025-10-24;Lateral;1;-0.003078982597054886;0.00013386880856760375
2025-10-27;Lateral;1;0.001000934205258241;0.0021353263045509143
2025-10-28;Lateral;1;0.0012344031493961433;0.00016681123640488422
2025-10-29;Lateral;1;0.0016220331689231686;0.0006289516369293919
2025-10-30;Lateral;1;0.0029093794425893477;0.0011240784210004298
2025-10-31;Lateral;1;0.0017498101621050547;0.0005282445772392618
2025-11-03;Lateral;1;0.0020642878207018578;0.0018021560339460663
2025-11-04;Lateral;1;0.0026204592354810183;0.0013429853581840218
2025-11-05;Lateral;1;0.005181684862310575;0.000977676389115203
2025-11-06;Lateral;1;-0.0034839864476123505;0.00015981589209230966
2025-11-07;Lateral;1;-0.0014847809948032665;0.00048416771569671736
2025-11-10;Lateral;1;-0.004757826624797792;0.0006026580391410537
2025-11-11;Lateral;1;0.0053867835891011585;0.00018791105543376137
2025-11-12;Lateral;1;-0.0037292384832340957;0.0017862738953306173
2025-11-13;Lateral;1;0.00031350910743957114;0.00163024735868577
2025-11-14;Lateral;1;0.006417717935004876;0.002013401705099569
2025-11-17;Lateral;1;0.0031465340926968943;0.0008810295459551305
2025-11-18;Lateral;1;-0.0014533046884872994;0.0012321496271957538
2025-11-19;Lateral;1;0.0027632205812291566;0.0011434016198189614
2025-11-21;Lateral;1;-0.004925163106050914;0.0006076499936036843
2025-11-24;Lateral;1;0.0034250960307298335;0.00044814340588988477
2025-11-25;Lateral;1;-0.0010535389330523896;0.0008619863997701369
2025-11-26;Lateral;1;-0.0003146237100427888;0.0015731185502139442
2025-11-27;Lateral;1;-0.0008148426726839664;0.0005954619531152063
2025-11-28;Lateral;1;0.0011576246793066768;0.0019085163631812777
2025-12-01;Lateral;1;0.004045535798287704;0.0023834164393012826
2025-12-02;Lateral;1;0.00021747234994407854;0.001801913756679508
2025-12-03;Lateral;1;-0.0006156687702016315;0.0016623056795444051
2025-12-04;Lateral;1;0.0007298382191947452;0.0002736893321980294
2025-12-05;Lateral;1;0.0016954797299343002;0.0021496260861667018
2025-12-08;Lateral;1;-0.0054858934169279;0.0014420062695924764
2025-12-09;Lateral;1;0.003798397650738932;0.0015640460914807368
2025-12-10;Lateral;1;-0.0008499653717811496;0.0014166089529685827
2025-12-11;Lateral;1;0.004565203702537624;0.0006296832693155343
2025-12-12;Lateral;1;-0.002785860211725376;0.00012381600941001672
2025-12-15;Lateral;1;0.001078682158597097;0.0005547508244213641
2025-12-16;Lateral;1;-0.0030801779658380262;0.0009022743536293208
2025-12-17;Lateral;1;0.0065384013765055525;0.0003441263882371344
2025-12-18;Lateral;1;0.001775590305899944;0.0017132888916578405
2025-12-19;Lateral;1;0.0029313749691434214;0.0024685262898049864
2025-12-22;Lateral;1;-0.003012515916643374;0.0020808099630423306
2025-12-23;Lateral;1;0.0028018966685140713;0.0025863661555514503
2025-12-26;Lateral;1;0.00357594253830266;0.0004315792718641142
2025-12-29;Lateral;1;3.063443923658977e-05;0.0012866464479367706
2025-12-30;Lateral;1;-0.0010371545360258678;0.0032029772436092977
2026-01-02;Lateral;1;0.0002753051298522529;0.0017130096968584626
2026-01-05;Lateral;1;-0.0023883156250956855;0.0019290241587311308
2026-01-06;Lateral;1;0.00015053892936713433;0.0027699163003552718
2026-01-07;Lateral;1;-0.003393425238600212;0.0002423875170428723
2026-01-08;Lateral;1;0.0005475618288565084;0.001125543759316156
2026-01-09;Lateral;1;0.0014168575907391777;0.0026226938381767755
2026-01-12;Lateral;1;0.003187420314492138;0.0025802926355412543
2026-01-13;Lateral;1;-0.00033474331274154775;0.0041995070143939625
2026-01-14;Indefinido;-1;0.002211920128473169;0.007211465624337181
2026-01-15;Lateral;1;-0.001525849688846338;0.00035902345619913834
2026-01-16;Lateral;1;-0.00104972707096155;0.0006598284446044029
2026-01-19;Lateral;1;0.0011728617827499097;0.0020149163960062554
2026-01-20;Lateral;1;0.00838207803171923;0.0008743894349635169
2026-01-21;Lateral;1;0.004370526809808753;0.0005573154992373577
2026-01-22;Compra;4;0.010940543017527782;0.00020048115477145148
2026-01-23;Lateral;1;-0.0003656204297446282;0.0015749803127460907
2026-01-26;Lateral;1;0.003399370280587367;0.00172754883111817
2026-01-27;Lateral;1;0.0036012440661319363;0.0004092322802422655
2026-01-28;Lateral;1;0.0022098256393672353;0.003260840272724823
2026-01-29;Lateral;2;-0.010143341430211141;0.0011211061580759683
2026-01-30;Lateral;1;0.0001903932981559049;0.00116955883152913
2026-02-02;Lateral;1;-0.00623264928419792;0.0011975396004572424
2026-02-03;Lateral;1;0.0033402811180588956;0.0008551119662230773
2026-02-04;Lateral;1;-0.006225470293679794;0.00037894167005007444
2026-02-05;Lateral;1;0.0035752299336808493;2.7291831554815644e-05
2026-02-06;Lateral;1;-0.00021930425724389375;0.005235889141697963
2026-02-09;Lateral;1;0.003998041775456919;0.00029917319408181026
2026-02-10;Lateral;1;0.003444749448301846;0.0008342752570106033
2026-02-11;Lateral;1;0.0024640983519686292;0.0009538445233426952
2026-02-12;Lateral;1;0.0031221887072022014;0.0001852145843255543
2026-02-13;Lateral;1;-0.006290326935017953;0.0012148700089090467
2026-02-19;Lateral;1;0.0013930139038557574;0.0030751439009645966
2026-02-20;Lateral;1;0.004223615519819513;0.0015477845693748524
